,customer_id,star,enroll_date,content
0,이한희,5,2025-07-10,함께주문 기능을 다시 살려주세요. 당초 기능의 취지가 배달료 절약이었을지 몰라도.. 이 기능은 메뉴를 각자 담을 수 있다는 장점도 굉장히 큽니다. 일일이 메뉴 접수받는거 너무 힘들고여.. 배민도 경우에 따라 다르지만 무료배달인 가게도 함께주문이 되잖아요? 이제 배민은 거의 안쓰지만 법카쓰는 경우엔 앞에서 말한 편의성때문에 쓰기도 합니다. 이 기능이 다시 도입되면 쿠팡에 완전 정착할거 같아요.
1,Yunmi Lee,4,2025-07-19,"편하게 주문 할 수 있어 좋고 오배송이나 제품이 잘 못되었을 때 빠른 대응이 좋은 점입니다. 한가지 아쉬운 점은 주문당시 30분 내라서 주문 했으나 주문 승낙시 시간이 늘어나서 시간의 장점이 없어집니다,, 시간이 늦어 질꺼라면 주문 자체를 안했겠지요 실시간 반영으로 개선이 필요합니다"
2,따따나나,5,2025-07-04,요즘 잘 사용하고 있습니다! 다만 아쉬운 점은 각 음식 메뉴별 리뷰를 볼 수 없다는게 아쉬워요 ㅜㅜ 사진 없는 음식도 많은데 구성과 양이 궁금 할 때가 많아요! 그럴 때 마다 찾아보기도 힘들고 ㅠㅠ
3,Pumpkin Broom,1,2025-06-29,"배달현황 알림 말고 다른 알림을 끄는 기능이 없음. 음식 맛있었냐는 알림은 배달현황 알림이 아닐 뿐더러 이런 알림에 동의한적도 없는데 자꾸 알림이 옴. 그렇다고 알림을 끄면, 배달이 왔는지 안왔는지 몰라서 1분마다 폰을 확인하는게 아닌 이상 차갑게 식은 음식을 먹을 가능성이 있음(배달후 문자주세요 등을 안지키는 배달원분들이 많음). 다만 어플을 설치했을 때, 주소를 입력하지 않고도 어플에 로그인을 할 수 있다는 점은 다른 배달어플과 차별되는 장점임. 또 하나 치명적인 단점으로, 리뷰 볼때 최신순이나 별점 낮은 순으로 고정할 수 있는 기능이 있으면 좋겠음. 매번 초기화되서 직접 분류를 바꿔줘야함. 가게 다섯 곳 둘러본다치면 다섯 번 바꿔야함. 이게 뭐하는 짓인지..."
4,BLAIR MISU KIM,1,2025-07-11,카드 일반결제를 쓰는데 네이버페이나 삼성페이로 결제하면 자동으로 결제완료로 안넘어감. 수동으로 결제완료 버튼을 눌러도 결제 완료 안되었다는 메세지만 뜸. SOL페이같은 카드사 자체 페이만 그나마 원활한편. 쿠팡페이을 쓰게하려는건지 모르겠지만 사용자 입장에서 이렇게 선택지를 강요하면 매력도가 떨어짐. 배민은 배민페이 안써도 결제가 전부 원활하게 넘어갔는데.
5,I Jang,1,2025-05-31,"전체적으로 편리하지만, 다음 두 가지로 인해 매우 불편한 상황이 반복됩니다. 이로 인해 사용자 경험이 매우 불편한 앱이 되었습니다. 1. 주문 시 추가 확인 단계가 없는 점: 결제수단, 쿠폰 적용, 캐시 사용 등이 의도치 않게 적용된 채로 주문이 완료됨 2. 기본적으로 쿠팡캐시 전액 사용이 설정된 점"
6,홍민석,5,2025-06-09,"요즘 쿠팡이츠 정말 자주 쓰고 있어요. 최근에 배달 수수료가 무료인 경우가 많아서 부담 없이 음식을 주문할 수 있다는 점이 가장 큰 장점이에요. 게다가 다양한 이벤트도 자주 열려서 가성비 좋게 맛있는 음식을 즐길 수 있어요! 앱 자체도 아주 깔끔하고 빠르게 작동해서 사용하면서 불편한 점이 전혀 없었고, 주문부터 배달까지 전반적인 진행 과정도 직관적이고 매끄럽게 이루어져서 만족도가 높습니다. 배달앱 중에서 요즘 가장 만족스럽게 사용 중인 앱이에요. 앞으로도 다양한 혜택과 안정적인 서비스 기대할게요!"
7,백영미,5,2025-05-29,배달 앱을 통해 편리하게 음식을 주문하는 경험은 일상에 작은 행복을 더해줍니다. 덕분에 다양한 맛집을 탐색하고 새로운 음식에 도전하는 즐거움을 누릴 수 있습니다. 빠르고 안전한 배송 시스템은 바쁜 현대인들에게 더없이 소중한 서비스입니다. 덕분에 시간을 절약하고 편안하게 식사를 즐길 수 있습니다. 더욱 발전된 서비스를 기대하며 응원합니다. 앞으로도 많은 사람들에게 맛있는 경험을 선사해 주시기 바랍니다. 항상 감사드립니다.
8,이성덕,5,2025-06-07,와우 회원이라면 그냥 별도의 구독료 없이 이용 할 수 있고 배달료 무료. ^^; 배민 보다 복잡하지 않아 주문 결제까지 쉽게 되어 있음. 아쉬운점은 배민 보다 가맹점이 적다. ㅠ 그렇지만 앞으로 더 가맹점이 늘어나겠죠. 살짝 아쉽지만 잘 이용하고 있어요.
9,하잇하잏ᄒᄉᄒ,1,2025-06-06,"음식을 주문했는데 공기밥이 안와서 그것만 따로 시킬려고 했는데 아예 세트가 결제되서 왔더군요. 뒤늦게 확인해서 환불도 못했는데. 음식을 시켰을때 추가메뉴 1,2개가 빠졌을때 대처가 너무 어렵습니다. 사장한테 직접전화도 번호 제공이 안되서 안되고, 밑에 도움요청을 따라가서 시도하니 실수로 제주문하기도 너무 쉽고요. 고쳐주셨으면 합니다."
10,ES C,4,2025-06-08,자주 사용하는 앱인데 요즘들어 '즐겨찾기'가 잘 실행이 안되는 에러가 발생하네요. 음식 주문 시 많이 불편합니다. 빠른 수정 부탁드립니다. ps 아직도 즐겨찾기 누르면 없다고 나오고 세네번 연속 시도해야 되요! 에러 파악은 하고 있는건가요? 거의 매일 사용하는 앱인데 안그러다 그러니 빨리 잡아주세요. 너무 불편해요. ai 가 작성한거 같은 피드백 댓글 필요없구요 에러 좀 잡으세요
11,Tommy,3,2025-05-11,"가게 차단하는 기능이나 숨기는 기능좀 제발 만들어주세요~ 가게 목록에 뜨는 이름이랑 실제 상호명이 다른지 확인하면서 이에 해당되는 가게들은 거르는게 요즘 상식인데, 매번 확인하기가 번거롭네요. 한번 먹어보고 맛 없는 가게들도 거를 수 있는 장점이 있구요. 이와 동시에, 반대로 가게에서도 고객한테 가게가 안 보이게 하는 기능도 넣어주시면 서로 좋겠네요 ^^"
12,이현주,5,2025-07-11,"정말 잘 사용하고 있습니다! 결제 카드를 등록하려고 보니 본인것만 가능 하다고 하는데, 가족까리 카드를 돌려써야 하는 상황이 많아서 다른 사람의 명의의 카드 등록이 추가 할수 있게 해주셨으면 합니다! 내규 상 제한 되는건지, 궁금합니다!!"
13,Paper_Cat,3,2025-05-12,"개인적으로 고객 대응부분이 참 맘에 듭니다. 다만 최근 경험을 한번씩 하게 되는 것 같은데, 추가 요금이 들어가는 ""한집배달""을 이용 하더라도 3집 많게는 5집 까지도 경유해서 오는 경우가 생기고 있어서 불만이 있습니다. 심지어 이 경우에 도보 혹은 자전거 배달 잘못 걸려서 음식이 아주 야무지게 식어서 오는 경험을 하고나니 다른 사람들에게 추천은 하지 않게 되었습니다"
14,강혜정,4,2025-06-02,포토리뷰할때 사진첩에서 한장씩만 선택해야 하는것이 번거롭습니다. 요기요처럼 사진을 여러장 한꺼번에 선택하여 올리는 기능쫌 빨리 업댓을 원합니다!!!. 리뷰작성하면 포인트가 적립되게 해주시면 해피하게 더 리뷰률도 높아질 것 같습니다..
15,空밤,5,2025-02-07,와우회원 혜택으로 전매장 무료배달로 이용할 수 있다는 점과 배달시 진행과정을 확인할 수 있는 점이 편리해 이러한 편의성때문에 선택하는 배달어플입니다. 추가기능으로 각 메뉴별 리뷰만 선택적으로 확인할 수 있는 기능이 있으면 좋을 것 같습니다.. 앱을 사용하면서 전체리뷰를 보는 것 보다 자신이 먹고 싶은 단일메뉴 맛의 리뷰만 원하는 경우가 있는지라.. (개인의견이지만 건의사항 남겨봅니다.)
16,한애리,5,2025-03-18,"여러가지 배달앱을 사용해 봤지만, 갠적으로 저는 쿠팡이츠앱이 젤 맘에 들어요. 문제 생길시 문의 했을 때 응대가 바로 되고 처리도 빨라서 그런점이 너무 좋았던 거같고, 배달 상황도 상세히 나오는게 보기 좋았어요! 단, 아쉬운게 있다면 다른 앱에 비해 음식점 등록이 안되있다는 점이 아쉽더라구요. 그래도 잘 이용하고 있답니다."
17,세나서트,3,2025-02-19,"근처에 같은 체인점이 많은 경우가 많고, 체인점별로 서비스나 메뉴가 조금씩 다른 경우가 있는데, 큼지막한 UI와 글씨체 때문에 상호명이나 지점명이 가려져버리고, 비교하기 너무 불편함. 쿠팡이츠에서 주문하더라도 다른 배달앱을 먼저 켜서 메뉴고르는게 습관이됨."
18,조은정,5,2025-03-28,여러 배달앱 중에서 사용 방법이 가장 편리하고 사용이 쉽게 되어 있어요. 쿠팡이랑 연동되어서 무배로 사용가능한게 너무 좋고 음식 출발과 이동위치 배달시간과 도착과 기사님의 이동위치등 수시로 알림을 주니까 너무 편안합니다. 사장님들도 기사님들도 애용자들도 모두에게 안전하고 편안한 앱으로 오래 남았으면 좋겠어요.응원 합니다.
19,B B,3,2025-04-13,"ㅂㅁ보다 배송 기사님 연결이 잘되서 빨리오는편, 전화연결과 일대일 문의도 빨라서 난 좋음. 쿠팡배달이 아닌 가게배달(본죽같은)도 어디까지 오는지 네비표시되서 아주좋음. 나쁜점은 ㅂㅁ보다 앱 디자인이 보기 불편함. 좀 어수선함ㅠ 내가 ㅂㅁ앱을 아직 못지우는이유가 이거임. ㅂㅁ서 검색해서리.. 글고 ㅂㅁ처럼 각 메뉴마다 리뷰보고싶은데, 그냥 통합 리뷰보기임. 그음식이 실제론 어떤모양인지 보고싶고,평도 알고싶은데. 요것만 고친다면 아주 좋을듯요"
20,강충구,5,2025-03-26,안녕하세요. 쿠팡 이츠를 이용하는 유저입니다. 다름이 아나라 이번에 식단을 시작하면서 성분표를 보기 시작했는데요. 시간 관계상 직접 만들어 먹지는 못하고 배달을 시킬 때 성분표를 확인하면서 시키고 있습니다. 하지만 음식들의 성분표를 앱에서는 확인하지 못하더라고요. 그래서 쿠팡 이츠에서 성분표를 확인할 수 있으면 어떨까 싶습니다. 요새 관리하시는 분들이 정말 많습니다. 그런 분들은 배달음식은 꺼려 하시더라고요. 배달음식 = 칼로리 높음 음식 배달음식 = 성분 구성이 안 좋은 음식 이렇게 생각하더라고요. 그렇다 보니 식단을 시작하시는 분들은 아예 배달음식을 끊으시더라고요. 하지만 배달 음식 중에서도 괜찮은 성분 구성을 갖고 있는 음식이 있습니다. 이런 손님들에게 성분표를 제공해 다이어트용 배달 문화를 만들면 이런 손님들이 이탈하지 않고 계속해서 쿠팡이츠를 이용하게 할 수 있습니다. 한 번 검토해 주신다면 감사하겠습니다. 감사합니다.
21,sh H.,1,2025-04-15,"메뉴선택할때 음식명 아래에 👍92%(12) 되어있는데,저숫자 12터치하면 그음식에 대한 후기만 모아서 볼수있으면 좋겠어요. 그리고 사진후기만 본다던지,후기전체를 본다던지, 최신후기순서로 본다던지, 낮은별점순서로 본다던지 그음식에 대한 후기를 보는게 세분화되면 편하겠어요"
22,이하루,5,2025-05-04,ㅂㅁ을 7년 가까이 쓰다가 최근 쿠팡이츠를 사용하게 됬는데 괜찮은 가게가 더 많은거 같네요. 그리고 ㅂㅁ에서는 배달문제가 많았었는데 여기는 아직까지는 한번도 문제가 없었습니다. 매일 몇번씩 주문하기 때문에 좀더 안전하고 문제가 없는 배달 업체를 쓰고 싶었는데 바꾸길 정말 잘한 거 같아 다행입니다~;;)
23,K hy,3,2025-07-20,내가 리뷰를 보고 싶은 메뉴를 고를 수 있으면 좋겠는데 1천개 넘는 리뷰를 일일이 넘기면서 찾아야해서 불편해요. 선택한 메뉴 내에서 리뷰 갯수만 말고 해당 메뉴 시킨 리뷰를 볼 수 있게 해주세요! 이거 불편하다고 느낀지 오래 됬는데 어찌 매 업뎃마다 그것만 빼고 고치는지! 이런거 수정하는건 일도 아닐텐데;; 이런 사소한 불편 때문에 소비자들이 멀어지게 됨. 그거 빼면 괜찮음! 굿! 그니까 제발 좀 고쳐주세여!
24,LaLa Gom,5,2025-02-12,"GPS 신호가 약한 실내에서는 현 위치가 근처의 다른 곳으로 표시되는 경우가 종종 있는데다가, 건물명을 쓰지 않는 새 주소 도로명 체계로 인해 외국인 등 관광객들은 오배송을 겪는 일이 매우 잦으며, 이로 인해 배달 중 시간낭비 및 동선 지체로 인한 사고를 유발할 위험성도 매우 큽니다. 따라서, 배달 주소를 기입할 때는 상세란에 동 호수만 입력할 것이 아니라 반드시 빌라, 호텔명 등 건물 명칭도 꼭 입력하도록 안내하여야 할 것입니다."
25,Heey An,5,2023-06-30,"배달시간이 항상 정확해서 너무 편함. +배달시간 자체도 빠르고, 언제올지 몰라서 계속 신경쓰고 있지 않아도 되는게 가장 큰 장점임. 개인적인 경험이지만 문제가 생기면 사장님이랑 싸울필요 없고 고객센터에서 전화를 주는 것도 편했음(이건 복불복일수도..?). 타 어플보다 입점된 가게 수가 적긴하지만 99프로 쿠팡이츠만 써요. 원터치로 결제가 편한것도 큰 장점인듯."
26,merong1,4,2025-01-21,항상 잘쓰고 있습니다 불편한점이 몇개 있어요 1. 음식 옵션을 선택하는 화면에서 그 음식이 포함된 리뷰만 모아서 볼 수 있는 기능 - 배민에는 있는데 편리합니다 2. 메뉴 탭을 눌렀을때 스크롤되면서 이동하는데 메뉴가 많은 가게에서는 어지럽고 스크롤에 시간도 너무 많이 걸려요ㅠ 그렇다고 그냥 한번에 이동했으면 좋겠어요 3. 메뉴 탭 접기도 있으면 좋을것같습니다 4. 홈화면에서 카트보기를 눌렀을때 가게 화면으로 진입할수 있으면 좋겠어요
27,JEEHYUN JANG,3,2024-11-18,"앱 사용성에 있어서 잘만든 것 같고, 이용이 편리한 것 같다. 아직 많이 사용해보지 않았지만 불편한 것은 결제과정에서 내 의지와 무관하게 저절로 자동 쿠팡캐시를 사용해 결제하도록 유도하는점이 매우 맘에 안든다. 자동으로 할게 아니라 사용하던지 말던지 내가 선택하게끔 옵션으로 해도 될텐데 왜 매번 지멋대로 쿠팡캐시 사용 결제를 유도하는지 매우 불편하고 불쾌하다."
28,나의,4,2021-05-09,"안녕하세요, 쿠팡이츠 앱을 애용하고 있습니다. 거의 매일 사용하다보니 앱에 대한 아쉬움이 몇 가지 있어서 의견을 남깁니다. 1) 이 가게 안 보기 기능: 단골집이었는데 머리카락이 나와서 다시는 주문하고 싶지 않은데, 유사한 메뉴를 판매하는 가게들도 있고 상호명도 비슷비슷해서 매번 제가 쓴 리뷰를 스크롤다운해서 확인하곤 합니다...찜한 가게 기능처럼 다시는 검색결과나 추천가게로 뜨지 않도록 하는 기능도 있으면 좋겠습니다. 2) 가게별 내가 쓴 리뷰 필터링 기능: 저처럼 자주 다양한 가게를 이용하다보면 어디에서 어떤 메뉴가 좋았고 별로였는지 하나하나 기억하기가 어렵습니다. 가게 리뷰를 볼 때 내가 과거에 남긴 그 가게 리뷰만 쉽게 볼 수 있으면 좋겠습니다. 이 가게는 간장치킨은 별로인데 마늘치킨은 괜찮을 수도 있는데 기억이 안 나서 또 간장치킨을 시키고 아 이거 전에 별로였는데..하게 되더라고요.. 반영 가능한 부분이 있으면 좋겠습니다.."
29,미네랄꿀꺽,5,2023-10-10,"와우할인, 지역할인, 배달비 무료를 알아서 찾아주고 보여주니까 합리적으로 골라 시킬 수 있어서 좋음. 배만 고프다 하면 무조건 쿠팡이츠 들어가서 추가할인 뭐 떴나 하고 쿠팡 제품 쇼핑하듯이 구경하다가 주문하고 최근에 제일 많이 이용하고 있음. 건의 할 게 있다면 주문 담기는 한 매장의 메뉴 담기만 되는데 여러 매장 거를 아직 결제는 안해도 쿠팡 쇼핑할 때처럼 주루룩 일단 담을 수 있었으면 좋겠음. 각 매장에서 시키고 싶은 메뉴가 다 다르고 갯수나 옵션도 많고 복잡하다면 한 매장 결제하고 나갔다가 또 다른 매장 찾아서 다른 메뉴 항목 선택하고 결제하고 ... 왔다갔다 메뉴 많은 카페나 식당은 스크롤 내려서 찾기도 너무 번거로움. 그래서 일단 매장별 차례로 따로 계산 하더라도(고객 입장에선 찜한 메뉴 한꺼번에 계산되어 알아서 각 매장 금액별로 나눠지는 시스템이 있다면 더 좋음) 내가 선택한 메뉴대로 담아놓기 리스트에 찜해놓고 바로 그대로 있었으면 좋겠음. 쿠팡 모니터링 요원님들 제발ㅠ"
30,엔비,5,2025-01-07,입점된 식당이 많아서 유용하게 쓰고 있습니다만 간곡히 건의드립니다. 시골지역의 경우 길이 험하다보니 배달권역 안쪽이라고 하더라도 예측 거리에 비해 실주행 거리가 많이 긴 편이라 주문이 거절되는 경우가 잦습니다. 그래서 추천순 보다는 거리순 정렬을 이용하게 되는데 매번 설정을 변경해야만 한다는 점이 번거롭게 느껴졌습니다. 광고를 제외한 매장 정렬 방식을 유저의 편의에 따라 고정할 수 있도록 해주시면 더욱 편리하게 쓸 수 있을 거라고 생각합니다.
31,Lucky Mojo,5,2023-08-06,"와우 할인 적용도 좋고 배달료 할인도 좋고 다 좋은데, 기능상 한가지 아쉬운 점은 요기요처럼 음식메뉴별로도 리뷰를 볼 수있으면 더 좋겠네요. 메뉴를 볼 때 해당 메뉴에 관련 리뷰 링크 버튼으로 딱 리뷰 소팅되면 좋을거 같네요. 아 그리고 다른 배달앱처럼 프랜차이즈 할인쿠폰 같은거 더 많이 유치되면 더 좋고요."
32,Yeonhee Jung,2,2020-09-05,"맛집을 배달해 준다는 취지에 맞게, 음식점을 지도로도 볼수 있게 해주면 사용이 더 편할것 같습니다. 예를 들어 한남동에있는 음식점에서 주문하고싶은데, 주변 음식점이 마구잡이식으로 나와 음식점 찾는데 시간이 너무 오래걸립니다. (위치 필터기능도 없구요ㅠㅠ) 사진+리스트만 나와서 어디에 위치한 음식점인지, 제가 원하는 그 맛집이 맞는지 전혀 알아 볼 수가없습니다. 꼭 개선해주세요"
33,UR C,5,2024-08-10,"잘 사용하고있어서 개선하면 좋을듯한 점 의견 드리고자 함 1. 즐겨찾기 들어가면 디폴트가 최다주문순으로 뜨는데, 최근추가순이나 최근주문순으로 변경할수있기를 바람 2. 메뉴별 메인화면에서 각 가게 최소주문금액이 얼마인지 확인가능하면 좋을듯 3. 소소하지만 닉네임 시스템 있으면 좋을듯"
34,의성,5,2020-08-08,"좋았던점 - 직관적, 편리함, 신속함 - 집과 얼마나 떨어져 있는 가게인지 알수 있어 좋음 (오프라인 이용시 참고됨) - 음식배달이 어디쯤 오고있는지 확인이 되어 좋다 - 도착직전 알림으로 상차림 준비하기 좋음 아쉬운점 - 서비스 음식(음료)이 사이드메뉴에도 있는 경우에 별도 표기가 없어 중복 구매할수도 있음 - 메뉴가 긴 업장의 경우(피자 등 음식 종류가 많은 업종)에 종류별로 나눠져 있기는 하나 스크롤이 상당히 길어서 메뉴보기에 불편함, 카테고리명을 좀더 직관적으로 했으면 좋겠다"
35,김연아,5,2024-09-30,첨엔 선입견이 있었는데 사용하다보니 너무 편하고 배달받을때 메뉴 누락건에 대해 고객센터 응대도 진짜 친절하셨음 이제 배ㅁ은 잘 사용안하게됨 타 어플 주문할땐 1인가구임에도 2인분씩 주문해야해서 기본 3~5만원에 배달시키니 부담이였는데 쿠팡이츠는 퀵비도 없는데다 의외로 최소주문비도 낮아서 1인메뉴들 1만2~5천원선도 배달되니까 너무 좋음. 배달위치를 실시간으로 확인 가능한 점도 너무 좋음. 사용하다가 개인적으로 개선했으면 하는 점 메뉴를 클릭하면 이전에 그 메뉴를 주문했던 사용자들 리뷰가 바로 보였으면 좋겠음. 새로운 가게나 메뉴들이나 평이 궁금할 때 전체 리뷰로 봐야하는데 그 점이 살짝 불편함
36,AH P,1,2023-09-26,주문 리마인드 과정이 전혀 없어서 불편합니다. 아래쪽까지 내려가게되는 시스템이 아니라서 메시지 확인을 자꾸 까먹게 되는 페이지에요. 진짜 쿠팡이츠만 자꾸 실수하게 되는게 스트레스입니다. 다 이용해봤지만 쿠팡만 그래요. 확인창을 띄우던지 자동으로 한 번 끝으로 내려가게 해서 보게 하던지요... 그냥 바로 결제로 넘겨버리니까 확인도 못해보고 주문 넘어가고 주문 직후에 취소 버튼도 안 보여서 부문 접수 되고 어쩌라는 건지 모르겠습니다. 꼼수 같아서 기분 나빠요.
37,이은희,4,2023-09-12,"정확한 초이스와 실시간 정보로 알려주는것, 빠른 배송은 매력이지만, 배달비는 솔직히 비쌉니다. 거리에 근거도 아닌거 같고 어떤건 거리가 멀어서도 있겠지만 음식값보다도 비쌀거 같은것도 있습니다. 앱에 문제는 아닐수도 있겠지만 배달거리 대비 음식량이 들쭉날쭉 한건 배달비 영향이 아닐까 싶습니다. 고려하고 앱사용을 하시길 권합니다."
38,별이빛나는 밤,3,2024-12-12,회원이라 많은 가게들의 배달비가 없는 점은 너무 좋지만 1. 타 어플에 비해 메뉴 업데이트(시즌 별 달라지는 메뉴)가 안되어있고 2. 타 어플에 비해 최소 주문 금액이 높아 혼자 시켜먹기 힘들어 '무료 배달'이라는 강점이 묻힙니다. 3. 그렇다고 메뉴 자체에 추가 금액이 안붙는 것도 아니라 메리트가 부족합니다. 4. 시간이 많이 지났음에도 타 어플에 비해 입점해 있는 가게들이 적습니다. 5. 고객 유치도 중요하지만 단골의 유지도 중요하다 생각되는데 쿠폰이나 이벤트가 단골을 위한 부분은 적어 아쉬운 마음이 듭니다. 예를 들어 타앱은 주기적으로 가입 회원들에게 전용 쿠폰을 주어 유지하려 합니다. 이제는 타 어플들도 와우 회원처럼 배달비 무료 서비스를 제공해 쿠팡이츠만의 메리트가 묻히고 심지어 머물기만 하는 느낌을 줍니다. 충분히 압도적 업계 1위를 노려볼만한데 그러기엔 부족한 점들이 눈에 띕니다. 이제는 하나의 배달 어플 정착 시대가 왔다고 생각됩니다. 개선 부탁드립니다.
39,박민영,5,2024-08-08,"쿠팡이츠 활성화시키려고 쿠폰을 많이주네요. 다른 배달 어플 정기결제 하고 있는거 있는데, 쿠팡이츠가 더 저렴해서 여기서 주문해봤어요. 배달어플 종류가 많아서, 비교해보고 더 저렴한 곳에서 주문하는 편이에요. 쿠팡은 자동으로 쿠팡캐시가 적용되는 거는 좀 별로에요. 나도 모르게 사용이되버리네요. 이거 쿠팡캐시 자동적용은 해제했으면 좋겠어요. ㅡ_ㅡ;; 아! 쿠팡이츠 장점!! 음식점 검색한 후에, 그 음식점에서만 내가 찾는 메뉴 검색할 수 있는 기능 진짜 편하고 좋아요. 요 기능 강추! 다른 어플은 음식점 검색해도 메뉴찾아보려면 다른 음식점까지 다같이 나와서 이거 진짜 불편했거든요."
40,Dudi Ayeh,3,2022-04-07,"< 쓰다보니 있었으면 좋겠는 기능 > 1. 식당페이지에서 전에 먹었던 메뉴를 찾을때, 메뉴가 많은 식당일경우 '메뉴 검색하는기능'이 없어서 불편해요. '식당페이지에서 메뉴검색 기능' 만들어주시면 좋겠어요. / 2. 리뷰사진을 참고해서 시키는편인데, '리뷰사진밑에 메뉴이름을 클릭하면 메뉴를 주문하는 창으로 넘어가는 기능'이 있으면 편한데. (이러면 리뷰사진밑에 있는 메뉴이름을 눌렀을때 바로 가격까지 확인할수 있어서 편해요) 근데 맛있어보이는 사진을 발견한후 그메뉴이름을 기억해서, 주문하는화면에 가서 메뉴가격을 확인 해야하니 은근히 번거로워요. / 3. '리뷰보는 화면에서 메뉴검색기능'이 있으면 좋을것같아요. 리뷰사진으로 실제사진을 체크하고 시키는편인데, 일일이 스크롤을 내려서 궁금한메뉴를 찾아야하니 불편해요. * ex: 리뷰화면에서 메뉴검색을한다 ➡️ 그메뉴의 리뷰만 필터적용되어서 보여진다."
41,k l,2,2022-08-30,1. 배달비! 무료로 표기하지 말고. 기본 배달비를 표시했으면 좋겠다. 2. 메뉴를 검색 했을 때. 업체마다 메뉴를 소개 다른데. 업체만 검색된다. 3. 브랜드 할인쿠폰 하지 마세요! 평상시 무료인데. 할인쿠폰 발행하면서. 내용물도 부실하면서. 터무니없이 배딜비 책정하는지 받는지 모르겠다.
42,서수연,4,2024-02-07,"평소에는 주문이 잘되고 배달하시는 분 위치도 잘 파악이 되는건 큰 장점중하나지만, 눈이오거나 할때 배달이 안되서 취소할려면 쿠팡고객센터에 전화해 취소요청을해야하고, 또한 고객센타와 전화 연결도 잘안되서 취소하는데 힘들때가 있네요. 그리고, 주문하는것 처럼 자유롭게 취소도 앱으로 요청할수 있으면 참 좋을것 같습니다."
43,박쑹,4,2023-02-08,사용 잘하고 있는데 기능적인 면이 좀 불편한것들이 있습니다. 결제취소하고 다른수단으로 결제다시 하려는데 찾기어렵구요. 리뷰에 사진은 타앱은 여러장 한번에 올릴수있는데 여긴 한장한장 추가해야해서 불편합니다. 리뷰이벤트도 주문메뉴에서만 클릭이 아닌 정보란에서도 쉽게 볼수있으면 효과가 더 좋지않을까싶어요
44,이창석,1,2024-04-16,"이것저것 하려고 하지만, UX에 대한 생각이 전혀 없는 개한심한 어플. 개발자가 문제인지 PM이 문제인지 사용자에게 중요항 사항들, 예를 들면 초인종 누르기 여부라던지, 배달 방식(무료 vs. 한집배달) 등의 것들을 지들 업데이트한 마케팅 요소 강조하려고 멋대로 디폴트 설정을 바꿔버림ㅋㅋ"
45,심연의달빛,1,2024-04-27,"개선사항.검색어를 입력하면 그검색어에 맞는 메뉴만 뜨게해주세요.그 검색어에속한 비슷한메뉴가 전부다 포함이되서 메뉴에 뜨니까 내가찾는 메뉴가 어느가게의 메뉴인지 모르겠네요.예시)뼈구이를 검색했더니 뼈구이집만 뜨는게아니라 ""구이""라는 단어가 들어간집의 모든 메뉴가 다뜨니까 내가찾고자하는집이 어느집인지 모르겠습니다. 쉽게말해 뼈구이를 검색했더니 구운닭부터 각종구이 메뉴들이 검색이됩니다.이부분좀 개선해주세요 해당하는 메뉴가 없으면 없다고 표시되게해주시구요.가게가 영업을 안할시에도 안하는집이 먼저 보이게해주시고요.그러니까 순서를 영업하는집➡️안하는집 순으로 노출되게 변경해주세요."
46,Google 사용자,1,2019-07-30,"결제방법 알아보려고 들어갔다가 버튼 한번 잘몼눌러 바로 결제가 돼버려서 주문이 됐네요. 잘몼본 제 눈과, 누른 손가락과 반응 빠른 제 폰도 문제가 있지만 , 결제 하시겠습니까 창도 없이 바로 결제됀 앱도 문제가 있네요. 취소 하려고 찾아봐도 어디서 취소하는지도 모르겠고. 시간이 너무 지나버려 어찌 하지도 몼하고 .... 둘러보다가 별로 먹고싶지도 않은 볶음밥 2인분 먹게 됐어요.하하"
47,부캐이피,5,2024-04-07,쿠팡이츠 무료배달 도입 진짜 역대급이네요👍 배달 시키면 항상 3만원 넘어가서 배달음식을 줄이기 시작했는데 쿠팡이츠는 배달료를 줄이고 할인혜택도 준다고 해서 한번 이용해봤어요! 3만원 가까이 될 음식이 2만원으로 해결이 되네요🥲감동임❣️ 근데 장점이 더 많아서 여기 정착하려구용ㅎㅎ 먼저 장점 첫번째 UI도 훨씬 보기 쉽고 깔끔하게 되어있어 좋아요! 일회용 수저포키 받기 체크박스도 한번 누르면 자동 체크되어있어 다음에 또 누르는 번거로움이 없어요! 일회용 수저포크 안 오는 일이 없음ㅋㅋ 두번째로는 한집 배달해도 다른 배달어플보다 배달비가 훨씬 싸다는것! 완전 무료배달로 다른 집 들렸다 온다고 해도 오는길에 들리는거라 음식 너무 늦게 받을일은 없었어요~ 세번째 이건 진짜 너무 좋은게 리뷰이벤트 하나하나 타이핑 칠 필요없이 체크박스에 체크만 하면돼서 훨씬 편하고 좋았어요! 고객이 딱 이용하기 편하고 쉽게 만든게 너무 눈에 보여서 아주아주아주 좋아요 만족합니다🫶
48,si k,4,2024-12-16,"좋읍니다.. 다 좋은데 이건 쿠팡이츠 시스템 문젠지, 배달기사님이 여러군데 콜을 받아서 생기는 문제인지, 가끔 가까운 거리고 다 와서 갑자기 그냥 지나치는 경우를 몇 번 겪었네요 ㅠ (집 앞을 지나가면서 놓고가면 되는 걸, 다른 데 갔다가 또 돌아오는-???)그 점이 좀 아쉬웠고, 글쎄요. 새벽 3시면 아예 다 닫아버리는 게 타 플랫폼 대비 좀 단점인 것 같네요.(야행성들에겐 ㅋㅋ) 배민과 차이점이기도 하고 좀 불편한 건, 메뉴를 눌러서 그 메뉴에 대한 리뷰만 볼 수 있는 시스템이 없고, 그 가게 메뉴의 모든 리뷰를 봐야 되는 점이 좀 아쉽죠. 그 외엔 뭐 뭘 시키던 무료배달,쿠폰도 있고,배달시키면 무조건 사진 찍는 시스템. 문제 있으면 두말 않고 처리해주는 시스템 등 다른 모든 것들은 다 만족입니다. 배달수수료..물가.. 소비자,중간플랫폼,사장님들이 모두 만족할만한 시스템이 구축되었으면 좋겠네요. (배달기사님 전부 다 직접고용? ㅎㅎ)"
49,만두,1,2024-02-22,"쿠팡이츠 개선사항 1. 타인 명의 카드 결제 가능하게 할 것 왜 본인 명의만 가능하죠? 이것 때문에 불편해서 쿠팡이츠 쓰기가 싫습니다. 2. 주문서 리마인드 기능을 넣을 것 주문을 하면 주문서도 안 보이고 바로 넘어갑니다. 옵션 선택을 잘 했는지, 요청사항 제대로 썼는지 확인하게 해주세요. 3. 결제시 한번 더 확인 결제를 누르면 결제 확인 문구도 없이 바로 결제가 됩니다. 잘못 눌렀을 경우 취소하기 너무 힘들어요. 이 세가지는 꼭 개선되길 바랍니다."
50,감귤 (weekend),5,2024-03-26,메뉴를 엄청 세분화해놓은 매장에서 메뉴를 스크롤하기가 (타 어플과 비교해서) 조금 번거로움. 할인이나 배달도 준수하고 등록 매장도 점점 늘어나는 것 같아보임. 이게 파이 잠식을 위한 출혈경쟁인지 지속가능한 서비스인지는 모르겠지만 ㅂㅁ이 망하길 바라며 더 애용중인 어플이다.
51,단호박,5,2024-11-20,"와우회원은 배달비도 무료고 쿠폰이벤트도 자주해서 너무 좋아요!! 근데 한 가지 불편한 점이 있다면, 매장이 오픈을 안했을 때 장바구니에 메뉴를 추가할 수 없다는 거예요.. 당장 장바구니에 넣고 오픈하면 클릭한번만에 바로 주문할 수 있게 바뀌었으면 좋겠어요.. 메뉴를 담는것도 하나의 즐거움인데.. 안 그래도 영업시간이 아니라 음식을 시킬 수도 없는데 장바구니에 담을 수도 없다니.. 새벽에 너무 배고파서 적어봅니다,, 그렇지만 전부터 불편하다고 생각했던 부분이라 꼭 개선되었으면 좋겠어요!!"
52,빛이나는SOLO,3,2024-04-26,내가 본 문제점... 1. 매장.원산지 정보 - 매장 정보 또는 가게 정보로 변경하는게 사용자 입장에서는 접근성이 좋을거 같네요. 자영업자 입장에서도 추가 리뷰 이벤트라던지 설명란으로 써야하잖아요. - 매장 정보 / 원산지 정보의 분리가 필요 2.가게 및 상호명 배달 10-40분 / 포장 10-40분 위에 있는 거 왜 그렇게 크게 만들어놓고 거기에 기능은 아무것도 없음? 거기에다 가게정보 클릭시 넘어갈수있도록 해놔야죠.. 상호명 아래 리뷰 별점이 왜 있는거 아래에 포토리뷰랑 기능 겹치잖아요 3. Ui 사이즈 상호명 Ui와 배달.포장 시간 Ui가 쓸데 없이 큼 줄이고 기능 추가 4. 포토리뷰 포토 더보기시 너무 불편 후기도 중요 but 사진이 더 중요 포토리뷰 보는게 너무 불편 사진만 보고 싶음 사진첩처럼 볼 수 있도록 And 리뷰글씨는 on off 기능 추가 5. 메뉴 메뉴 항목만 가로 스크롤 메뉴 페이지도 가로 스크롤 추가. 글자 수가 정해져 있어서 이만 줄임 수고요!
53,김종근,2,2024-03-11,갑자기 네트워크 연결이 잘 안된다고 앱이 너무 느려졌음 며칠 째 개선이 안됨 수정 -- 와이파이(KT인터넷) 네트워크 연결이 원횔치 않아 앱을 이용할 수가 없음 이사하고나서부터 현상 발생 수정-- 와이파이 환경(KT)에서는 도저히 앱을 이용할 수가 없음 LTE는 잘되는데 왜 이런가요? 한달가까이 와이파이에서는 제대로 쓸수가 없네요
54,Elfid,5,2024-06-07,쿠팡와우고객은 배달비 무료라 다른 배달어플보다 자주 사용하게 됩니다. 👍🏻 아쉬운 점은 메뉴를 좀 더 한 화면에 많이 볼수있도록 메뉴를 작고 간단하게 만들어주셨으면 합니다. 메뉴많은곳은 스크롤을 너무 많이 해야되니 시인성이 나빠져서요
55,익명,1,2020-10-08,"16시 4분 4초에 주문버튼을 잘못 눌러 바로 취소하려고 했는데 16시 4분 10초에 이미 매장에서 주문접수가 되어 취소가 불가능했습니다. 1분도 안 되어 매장에 직접 전화해 취소요청했으나 불가능하다는 답변 받았습니다. 저는 음식을 받지 않겠다고 했고 매장은 퉁명스럽게 그러라고 했습니다. 제 돈 17,500원은 부당하게 지불되었습니다. 실수로 주문버튼을 잘못 눌렀으나 6초도 안 되는 시간 안에 취소조차 안 되었고 환불도 불가능합니다. 고객센터에 불만제기하니 이런 원터치결제 기능은 고객이 선택한 설정이니 이미 인지한 것이라고 생각한다고 거짓말을 하였습니다. 하지만 확인해 보니 이 기능은 회원가입시 자동으로 설정되는 기능이며 저는 이 기능조차 인지하지 못한 상태입니다. 이 모든 내용을 다 녹취하였고 반드시 저와 같은 피해자가 생기지 않도록 이 사안을 널리 알리는 한편, 중재기관에 의뢰하여 반드시 책임을 묻겠습니다."
56,정재헌,4,2024-01-14,와우할인이나 세이브배달은 만족스럽습니다. 하지만 저같은 경우 각각 다른 매장에서 콜라1.25추가해 시킬경우 해당 매장에서 전표 확인이 안되서 매장에 전화하여 다시 받았습니다. 집앞 10분거리도 귀찮아 시키는게 배달인데 이런 일이 두번이나 발생되어 불편합니다. 조금 더 노력해주세요.
57,Mystery Lee,4,2024-01-04,"배달시킨 집 중에서 개인적으로 선택이나, 제외시킬 수 있게 마킹할 수 있으면 더욱 좋을듯 합니다. 어차피 별점은 현재 의미도 퇴색된 것 같고 남에게 안보이더라도 자신만이라도 체킹할 수 있으면 현실적으로 도움이 될 듯합니다. *참고로 현재는 자주 시킨 집만 자동으로 나오는데 지우거나 체킹은 안되네요."
58,Changwon LEE (Sosani),3,2021-10-24,"주문 배달 전문이라 다 좋지만 사실과 다른 광고는 없어져야 합니다. 예를들어서 배송비 3,000원 광고보고 들어가면 40,000원이상일 때의 경우로 나중에 표시됩니다. 이건 낚시죠. 아직도 이런식의 광고를 하는게 없어보이고 신뢰가 가지 않아보입니다. 소비자가 멀어지게 하는 주요 원인이죠."
59,Ho Jeong Nam,1,2021-07-03,개한심한 쓰레기 어플. 배달알림 설정을 지멋대로 바꿔서 새벽 1시에 배달원이 초인종 누르게만드네. 개발자는 도대체 생각이라는게 없나?? 백번넘게주문하면서 한번도 선택한적 없는 옵션을 왜 지멋대로 선택하는지? ㄹㅇ 배달원한테 쌍욕할뻔했는데 앱 업뎃하면서 지멋대로 설정 바꾼거드만?? 두번다신안쓴다 퉤
60,무슈,4,2024-05-12,무료배달 시도는 좋았으나 매장에서 최소가격을 올리거나 메뉴의 가격을 올린곳니 생각보다 많으니 잘 비교해보고 주문해보실 추천드립니다. 가격 자체를 올리면 메뉴를 2개했을 주문 했을시 기존보다 더 높아질 수도있어용
61,eyg sibgi,1,2023-07-17,"포장으로 주문하려고 검색을 포장으로 바꾸고 주문하려는 체인점 검색해서 주문하려는데 최상단에 3,4키로 떨어진 체인점이 뜸. 하다못해 그 아래는 1키로 떨어진 체인점이였음. 당연히 인근 체인점인줄 알고 메뉴에 담았는데, 포장이면 최소한 결제전에 주소가 뜨던 지도가 뜨던해야하지 않나? 스치면 주문완료고 그제서야 현위치에서 포장업체까지 지도가 뜸. 놀라서 취소하려고 매장 전화번호 찾는데 전번없음. 고객센터에 몇번이나 전화로 사정사정해서 취소했는데 다음부터는 같은 이유라도 취소가 안된다고함. 무서워서 삭제함. 차라리 포털에서 검색하고 가까운 가게로 전화주문하는게 안전할듯"
62,김민수,1,2021-12-26,"장점 1. 비교적 배달이 빠름/장점 2. 배달비가 비싸도 3천원 내외임 /단점 1. 배달료를 제대로 표기를 안함(무료 배달 등을 들어가면 일정 금액 이상 시로 적어놓음) >>> 이게 ㄹㅇ 극혐 /단점 2. 리뷰 이벤트 등을 기재 불가하게 하여 리뷰 수도 적은 곳이 많고, 장점 2의 의미가 사라지는 곳이 많음(리뷰 상품을 주니) /단점 3. 비교적 할인 행사 등이 부족함"
63,박찬진,1,2023-12-07,그냥 배달 시간 나와있는거 다 거짓으로 표기 된거구요. 이제 배달지연 되도 마치 지연 안된 것 처럼 지속적으로 도착시간때를 미뤄서 표기됩니다.처음 출시 됬을때는 표기된 시간을 정확히 지켰으나 이제는 그런거 절대 없고 쿠팡 본사에 이야기해도 별다른 조치가 없습니다. 다른 앱 사용하겠습니다.
64,musai21th (musai21th),5,2024-08-26,"평소시키던 일부 가게가 무료라 편하게 잘 사용합니다! 단 무료 배달이지만 무료배달기준이 높은 업체도 있고, 가격이 다른 어플보다 같은 가게 같은 음식인데 높아서 무료배달을 음식에 부과하는 일부 업체도 있어요! 음식 배달료는 다른 어플사용시에도 아깝다고 생각한적 없어요 편한댓가는 제가 지불해야하는거니까. 하지만 무료 배달이라하고 결국 배달료 받는 꼼수는 좀 그렇네요. 쿠팡이츠는 음식점, 기사님, 어플 모두 상생하는 어플이 되길 바랍니다!"
65,이보나,2,2020-05-17,제가 학교 내에서 거주하고 있는데 위치설정을 학교로 하면 건물이 여러개임에도 불구하고 한 군데 밖에 위치설정이 안됩니다. 그래서 항상 배달하시는분들이 헤메요. 배달 코멘트(?)에 네이버지도에서 찍으면 나온다고 적어놓긴 하는데 항상 한번에 찾아오질 못하십니다. 지도 연계를 더 정확히 개선해주셨으면 합니다. 아니면 위치를 직접 설정할 수 있도록 해주셨으면 합니다. 이것때문에 너무 불편해요
66,김윤태,4,2024-12-18,앱 사용중 버그를 발견 이에 알려드립니다 상황은 카트에 한솥도시락 진달래 곱배기를 두개 넣고 보통을 하나 넣은 상태에서 카트 버튼을 눌러 카트에 선택된 메뉴를 보면서 진달래 보통의 개수를 한개 더 추가하려고 진달래 보통의 플러스 눌렀는데 곱배기의 숫자가 올라가서 뒤로 가기 눌러서 다시 보통을 선택하여 보통 개수를 하나 더 추가하였습니다
67,MARIA CHUN,3,2023-05-09,배달비가 맨날 낚시성가격이죠 일일히 메뉴주문하고 클릭해서 배달비 구간 확인해야해서 짜증나요. 메뉴클릭했을때 뭐가들어가나 설명좀 있으면 좋으련만.. 뭘로 만들어지는지 없어서 새로운음식은 잘 시도안하게되요 그냥 간단하게 들어가는것들이라도 좀 설명하게끔 되어있으면 좋을텐데.
68,김주연,1,2023-07-10,"주문 들어올때 다른기기에서 접수해도 알림이 계속 울리네요. 시간 지나면 꺼지겠지 했는데, 제가 폰에서 직접 조작해야먄 꺼집니다. 포스 프로그램에서는 팝업 창으로 주문 접수 가능하게 개선 됐으면 합니다."
69,JAEHONG PARK,4,2022-06-02,다 좋은데.. 배달료 표기를 제대로 해놨으면 합니다. 무료배송이나 저렴한 배송료를 표기해놨지만 실제로 들어가보면 아닌경우가 많네요. ex) 무료배송 치킨집 인데 알고보니 10만원이상시. 기준 배송료를 표기하고 일정 금액을 넘으면 할인되는걸 따로 표기해주는게 맞지.. 이런식은 고객을 기만하는 행위라고 봅니다.
70,쏭아우라,5,2024-08-02,배짱 장사하는 배달의 땡땡 사용하다가 쿠팡이츠로 갈아탔습니다. 딴 어플 사용하다 바꿨을땐 익숙하지 않아서 좀 힘들었는데 배민에서 메뉴보고 쿠팡이츠에서 주문해요ㅋㅋ 그리고 배달도 엄청 빠르고 항상 기분좋게 이용하고 있답니당ㅋㅋ 무엇보다 쪼잔한 배달의 땡땡 보다 화끈하게 자동 할인 많이 해주는 쿠팡이츠구요~ 제가 똑같은 메뉴를 다른어플이랑 똑같이 담아서 비교 해본적도 많은데.. 항상 쿠팡이츠가 가격도 싸고 혜택도 많고 무엇보다 배달도 빠르고 암튼 다다다 좋았어요ㅋㅋ 최고임!
71,최영민,4,2024-05-25,잘 사용중입니다. 다만 사장님들 기준으로 옵션 선택 부분이 잘 안보이나봅니다.. 계속 음식이 하나하나 누락되는 경우가 잦습니다.. 사실 그 이후 바로 다시 재배달 해주시지만 곁드려서 먹으려고 했던 것들이 하나하나 누락 되는게 고객 입장에서 즐거운 경험은 아닙니다.
72,Junga Kim,2,2020-09-04,"이것저것 담다가 실수로 주문들어갔는데 10초도 안되서 수락되버리는 바람에 취소도 못했네요. 주문하기 버튼을 누르자마자 자동으로 주문되는 시스템 바꿨으면 좋겠습니다. 처음쓰는 사람들 실수 많이하겠네요. 주문하기 눌렀을 때 ""이대로 주문 하시겠습니까?"" 같은거 메시지 띄워서 바로 주문되지 않게 해주세요. 꼭 필요한 기능이라고 생각합니다."
73,Kate Lee,5,2023-12-11,사용하기 편리해요. 다만 배달 주문 안되는 매장은 검색한 첫 화면에서도 안되는 곳으로 보이면 좋겠는데 매장에서 시간 설정해서인지 다 고른 뒤 주문 단계에서 안된다고 해서 실망했네요. 그래도 요즘 잘 이용하고 있어요.
74,Kay Park,1,2022-02-27,결제를 할 때 확인 버튼 한 번이 있어야 정상이지. 버튼 눌리자마자 주문 곧장 들어가고 취소 버튼도 없는게 의도적인 UI로 보여서 딱 쿠팡답다 싶음. 장바구니에 메뉴 고르면서 지하철 내리다가 사람들 피하느라 폰 쥐면서 엄지로 버튼 위치 잡게 돼서 곧장 주문됐는데 즉시 취소 할 방법이 없음. 업체 전화번호 빨리 찾아서 전화해서 빨리 취소하지 않으면 조리 시작돼서 취소 안됨. 벌써 두번째 당해서 안되겠다 싶어서 자동결제 결제수단 다 지워버림.
75,JeHo Kim,4,2024-02-19,다 좋은데 UI만 개선해주면 좋을듯 ㅎㅎ 배민에 비해 불편한점으로는 1.사용자 리뷰에서 사진 이미지 확대가 안됨 2.주문 이후 주문취소 하기 너무 불편? 아니 그냥 취소를 하지 못하게 만든것 같음 3.각 매장에서 올려 놓은 메뉴별 칼로리나 영양정보 확인하기가 너무 불편해서 없는거나 마찬가지
76,갱가는척미니언먹기,4,2024-04-11,어플도 빠르고 디자인도 심플하고 괜찮습니다. 다만 내가 검색한 음식이 있는 가게를 보기가 불편합니다. 검색한 음식을 보려면 가게를 하나하나 들어가서 음식을 확인해야 하네요.. 이 부분 개선되면 좋을것 같습니다.
77,Google 사용자,1,2022-05-17,"배달비 필터 소용 없다. 이 부분은 배달의민족의 문제와도 같은데, 배달비 무료로 필터링해도, 10만원 이상 주문시 0원, 그 미만 5천원. 이런식이기 때문. 최고배달비 기준으로 필터링 되도록 바꿔야 배달비 필터가 의미있다. 또 개선이 필요한 점은 필터 후 검색결과 없을 때 필터를 다시 설정할 수 있는 버튼이 없다. 홈화면 갔다가 다시 검색해야 됨."
78,"qpqpqp ,",4,2024-04-01,"와우할인 좋아요 하지만 와우할인 없는 매장이 꽤 있고 후발주자라서 그런지 UI가독성 떨어집니다, 그리고 걸어서 1~6분 거리를 지동차 및 오토바이 원거리 기사님을 배차하셔서 짜증납니다 걸어서 가는 것보다 몇 배로 걸리네요ㅠㅠ 자동차는 또 주차 문제 때문에 더 걸리네요ㅠㅠ"
79,blue sky,1,2020-10-25,배달 20분이라고 했는데 결제후 50분이라고 나와서 안되어 취소할려는데 취소버튼이 없음. 결제후 30초밖에 안지났는데 최소버튼이 없음. 열받아서 고객센터 연락하니 매장에서 20초만에 수락으로 눌러서 취소가 안된다고함. 주문즉시 매장에서 수락을하면 사실상 취소가 불가능함. 고객센타에서 매장에 취소가능한지 연락해본다고 했는데 이미 5분이 흐른 뒤라서 조리가 들어가 안된다고 함. 환불도 안되고 돈만 날렸음. 고객을 기만하고 봉으로 보는 이츠 다시 이용안함
80,랄라룰루,4,2024-09-11,앱 자체는 빠르고 나쁘지 않음. 개선할 점이 있다면 세부 메뉴 선택 시 총 금액이 상단에 있어서 금액을 보려면 다시 위로 올려야 되는 게 불편함. 카트에 담기 버튼에 총 금액을 보여주면 더 편할 것 같음.
81,Google 사용자,5,2019-11-23,"개발자님... 진지하게 앱을 획기적으로 변화시켜야합니다. 경쟁사 배달의 민족에 비해 여러가지가 부족하지만단 현재 앱이 가장 큰 문제입니다. 쿠팡회사가 돈 많이 투자하고 있는걸로아는데 개발진들이 살아남으려면 하루 빨리 앱을 고쳐야합니다. 앱 때문에 사람들이 떠나고있습니다. 일단 가장 큰 문제 3가지 가게를 고르는 과정, 음식주문, 결제(결제방식 포함)까지 모든 부분에서 경쟁사보다 나은 점이 없습니다.. 배달앱의 기본은 한눈에 파악이 가능하면서 무엇보다 주문자체가 편해야하며, 고객의 리뷰를 잘 보에게 만들어야합니다. 이 부분은 배달앱을몇 번 써보면 아실거라 생각합니다. 단지 배달비무료 몇 번 한다고해서 사람들이 몇 번 쓰긴하겠지만 결국 경쟁사보다 나은 앱시스템이 없다면 사실상 생존하기 힘들겁니다. 배달 기사의 위치추적은 정말 획기적이나 그 외의 것들은 정말 개선이 많이 필요합니다. 경쟁시장에서 살아남으려면 고객의 불편함에 귀를 기울여야 합니다. 쿠팡이츠의 성공 보고싶습니다. 부탁드려요"
82,유유,4,2023-08-24,입점가게가 타어플만큼 많진 않지만 웬만한 프차는 다 들어가 있어서 쓸만해요 결제버튼 누르면 확인작업없이 바로 결제돼 버려서 취소할 수 있다지만 잘못주문할까봐 좀 불안해요 첫결제쿠폰 사용 후 2장 더 주는 건 언제 주는 건지 첫쿠폰 쓴 후에도 배너로 확인할 수 있으면 좋겠어요
83,윤동언,1,2021-11-29,장점 1. 배송이 빠르고 UI가 누구나 알아보기 쉽게 되어있습니다. 단점 1. 다른 플랫폼과 비교했을때 배달료가 말도 안되게 비쌉니다.(다른 앱에서 1~2천원 정도 나오는 곳이 여기선 3천원에서 5천원 사이가 기본 가격) 2. 할인혜택이 적습니다. 쿠팡이츠의 프리미엄에 가입하지 않는 이상 음식금액+배달료를 합하여 매번 10%이상 비싸게 사먹을 수 밖에 없습니다. 개인적인 생각.. 이런 어플 쓸 바에야 다른 플랫폼을 이용하거나 그냥 직접가서 구매하는 것이 더 낫다고 생각됩니다.(실제로 그렇게 하고 있고)
84,Jun A,1,2024-04-10,갤23 사용자입니다. 쿠팡 씩이나 되서 앱이 이 정도 밖에 안됩니까? 잘못 터치해서 쿠폰 제외를 눌렀는데 아니 왜 바로 결제가 됩니까? 결제하기 버튼 누른적도 없는데? 취소하고 재주문 하려고 해도 취소 버튼도 없고. 배민이나 요기요 따라려거든 앱부터 뜯어고치는게 좋겠습니다.
85,김파트라슈,5,2020-07-19,"배달앱중 역대급인듯...? 아직 입점이 많이 안되서 그렇지(그래도 유명한곳 다있음) 시키면 할인혜택 많고, 배달 역대급으로 빠르고(기본적으로 거의 30분내로와요) 대박이네여 다만 음식에 대한 설명이 좀만 더 디테일하면 좋을 것 같아요. 사진도 적고 아무 설명없는 곳도 많아서 메뉴판으로서 기능이 떨어짐요"
86,Dear. Hyeon,5,2024-04-23,"파트너 위치도 알 수 있고(기다리는데 언제쯤 도착할지 직관적으로 알 수 있으니 편합니다), 그리고 쿠팡 와우 회원은 배달비 무료라 좋습니다 :) 쿠팡 와우 가격이 오른다지만 한달에 배달 4번 시키면 배달비 아끼는 거로 오른 가격 충당하고도 남아요! 그렇지만, 배달비가 무료다 보니 타사 어플 보다 메뉴 가격이 높게 측정 되는 곳도 있다고 해 비교해 보며 사용하면 좋을거 같습니다!그리고, 가게가 더 많이 쿠팡 이츠로 유입되면 더 좋겠네요!"
87,Tasty Waffle 테이스티 와플,5,2023-12-08,너무 좋아요. 편리하고 할인도 많이 되는게 짱 좋아요 그리고 하나더! 배달이 엄청 빨라서 최고입니다. 그런데 리뷰보여지는곳이 좀 더 명확하게 나왔으면 좋겠고 리뷰쓸때 사진하나만 선택되는게아니라 여러장 선택되게 되었으면 좋겠어요. 그외 모든건 정말 너무 좋네요! 짱!
88,긱스,3,2021-11-10,이용은 잘 하고 있습니다만...무료배달 이라는 문구는 수정이 필요하겠네요. 조건부 무료라던지... 대부분이 무료배달이라고 되있는데 자세히 눌러야만 배달요금을 정확히 볼수있네요. 무료라고 써놓고 조건이 있으면 고지를 해줘야 하지 않나요? 안보고 결제한 사람은 분명 짜증날텐데요. 이런 기만행위는 수정 되었으면 합니다.
89,이아리,5,2023-08-15,"이 기능만 들어가면 다시 배달의 민족에서 쿠팡이츠로 돌아갈 의사 있음 쿠팡이츠는 고객 응대도 잘해주시는데 고객응대 꽝인 배달의 민족은 이 기능 하나때문에 씁니다. 자취를 오래한 사람들은 특정 메뉴나 재료의 키워드 일부만 검색했을 때 검색된 리스트 중에 원하는 키워드로 풀 메뉴가 보이는지 여부에 따라 가게 클릭을 하냐마냐 결정하는데 쿠팡이츠는 일부 키워드 검색을 해도 어느 메뉴와 싱크가 맞아 검색이 된건지 전혀 모르겠습니다. 예를 들어 '참마 주스'가 먹고싶어서 키워드에 '마주스'로 검색한다면 쿠팡이츠는 일단 뭔가 나오지만 정작 검색된 가게에 들어가면 마주스가 없는 경우가 많아 모두 클릭을 해봐야 압니다. 배달의 민족은 같은 키워드를 검색하면 '고구마주스'가 있는 A가게, '참마주스'가 있는 B가게 두개가 나와서 B가게만 클릭해서 빠른 주문이 가능합니다. 이 기능을 넣어주세요, 음식 만들기 귀찮은 사람들이 시켜먹는 곳입니다. 귀찮은 일을 줄일 수 있게 해주세요."
90,Yoongjoon Kim,5,2024-09-14,"사용하기 편리하고, 배달기사님이 어디로 어느 길로 오는지도 볼 수 있고, 우리집 앞에 도착했길래 엘리베이터 올라올때까지 현관문 열고 기다렸어요. 불편한 점은 리뷰사진을 앱에서 바로 촬영후 붙일 수가 없고, 미리 촬영한 걸 앨범에서 추가하는 형식이라서 안 좋았어요."
91,김창성,3,2024-05-18,배달어플 자체를 처음 써서 다른 곳과의 차이는 모르겠으나 별다른 불편은 못 느꼈습니다. 다만 제 폰 기종이 폴드5인데 큰화면 사용시에는 ui가 너무 커서 배너가 모든걸 가려버리더군요. 수정이 필요해 보입니다. 또 알람 설정이 주문과 배달 확인때마다 계속 올라옵니다.
92,정연훈,5,2024-04-04,"최근 배달료 무료로 바꼈는데 상황에 따라 배달료 무료가 기존 10% 할인보다 비싸지는 경우가 있어 아쉽습니다. 따라서 와우회원들을 위해 10% 할인 + 배달료 무료 방법은 어떨까요? 이게 안 된다면 5월 31일 이후에도 주문할 때마다 직접 10% 할인을 받을지, 아니면 배달료 무료를 선택할 지 고를 수 있었으면 좋겠습니다. 더 좋은 서비스를 기대하겠습니다. 감사합니다."
93,밍구리링,4,2023-02-22,"편리하고 좋아요 다만, 가게 요청사항을 적을 때 적는 란이 늦게 올라오는 버그가 있습니다. 제 핸드폰에서만 그런지는 모르겠으나 꽤 지속되어 앱 삭제 후 재설치해도 동일한 증세가 있네요. 그점이 불편합니다. 혹시몰라 적어둡니다. 갤럭시노트8 입니다."
94,루자,3,2021-02-01,잘 보셔야할게 가게서 직접 사는거랑 배달해서 메뉴 시키는 거랑 품목당 500원에서 2000원 더 비싼곳이 많습니다. 배달료까지 지불하는 입장에서 4~5가지 메뉴를 시키면 만원가량 비싸게 먹는거에요... 배달료 싸고 저렴한 집들 네이버 검색해서 메뉴가격 확인해보고 차이 있는지 없는지 꼭 확인해보세요~ 이것들이 꼼수 부립니다!!
95,로블리,1,2024-06-04,지방이라 쿠팡이츠 이용 업체가 많지 않아요. 무료배달이라고 해놓고 주문 상품금액이 상이한곳이 있어요. (기존보다 1~2천원 높게 셋팅해둠) 이런식면 누가 이용하나요...일정금액 이상 주문시 사용 할 수 있는 쿠폰이 현저히 적음. 타사와 비교했을때 같은 업체에서 같은 주문을 똑같이 해도 할인되는것에 차이가 있어요. 무료배달을 왜하는건지...기존이 차라리 나아요. 그리고 회원들이 원하는 OTT를 선택해서 이용 할 수 있다면 더 좋을 것 같아요.
96,juicy jay (Juicycool),1,2022-08-07,"배달료 이슈도 많은데, 제발 소팅할때 최소 로 세팅하지말고 최대로 잡았으면 좋겠음. 검색 필터는 '~ 2000원' 으로 해도 실제 검색결과는 '무료 ~ 4000원' 이따구니 필터고 소팅이고 해도 소용이 없음 필터를 '~2000원' 으로 걸면 검색결과도 '~2000원' 이 나와야하는게 소비자입장에서 진실로 원하는 결과가 아닐까?"
97,김은영,4,2020-07-05,"항상 할인쿠폰이 주어져서 다른앱 보다 많이 활용합니다. 주문도 정확하고 배송도 빠르고 친절해서 좋아요~!! 다만, 주소를 잘 적었음에도 주소의 위치가 엉뚱한 곳을 가르켜서 배달하시는 분이 매번 애 먹으시고, 매번 전화로 다시 설명해야 하는 번거로움이 있습니다. 이것은 꼭 개선해야 합니다."
98,두둥,3,2021-01-22,"배송 위치를 실시간으로 확인할 수 있다는 점이 좋습니다. 다만 배송 누락 시 부분 환불이 불가능하여 쿠폰으로 주는데 이 쿠폰은 중복 적용이 불가하며, 사용 기한이 있습니다. 또한 많은 분들이 말씀하셨듯이 주문 후 몇 초라도 취소를 누를 수 있어야 할듯합니다. 터치 한 번이면 결제가 되어 실수할 가능성이 있습니다."
99,소금소금후추후추,4,2021-09-19,"잘쓰고있습니다~! 마지막업데이트를 아직 안했는데, 버그가 있어 남깁니다 :) 플로우 : 홈 > 검색 > 가게진입 후 메뉴 끝까지 슬라이딩 > 끝 메뉴의 item이 작을 경우, 즉 divider가 슬라이드되며 완벽히 다 올라오지 않을 경우, 메뉴 상단에 카테고리 표시선이 움직이지 않습니다. Ex) 마지막 카테고리 -> 원두 이며, 메뉴가 2개밖에 없을 경우 item이 차지하는 높이가 작으므로, divider가 화면끝까지 오지 않아 메뉴 상단 카테고리선이 바뀌지 않습니다."
100,김정은,2,2023-09-20,"와우멤버 4년차로 나름 쿠팡어플잘 쓰고있는데.쿠팡이츠에서 와우멤버 할인해준다고 해서 할인받아 사용하는 장점도 있지만 카트에만 담아놓고 저녁에 주문하려고했는데 금액확인차 누른다는게 결제되버려서 완전 당황했다. 취소하려고 하니 취소되는.아이콘도 없어서 고객센터에 전화해서 통화연결 기다렸다가 취소하거나, 매장에 취소전화직접 해야되는.단점이있다. 매장에서는 바로 음식준비하면 어쩌려고.. ㅠㅠ 양쪽으로 귀찮게 전화하는 시대도 아니고 취소아이콘정도는 있어야한다고봄."
101,Degital Painting,1,2021-11-21,메뉴 고르는중 확인하다가 결제 되버림. 바로 확인하고 취소하려는데 취소 버튼도 없고 전화번호 확인해서 전화하니 이미 늦었다하고...잔말 많이 잡아도 1분 안팍인데. 이건 간편한 결제가 아니라 무분별한 결제지. 복잡하고 어려운 인증이 문제인데 쉬운 인증 결제가 아니라 주문 과정인듯하면서 결제가 되버리면 돈뺏긴 기분이 든다. 겁나서 못쓸거 같다.
102,루군,2,2023-11-29,어플 업데이트를 하라고 해서 했더니 지속적으로 업데이트 하라는 문구가 나오면서 어플 실행이 아예 안됩니다. 설정 들어가서 데이터 삭제와 캐시 삭제를 다 해도 똑같은 현상이 반복되네요. 쿠팡 어플 업데이트까지 같이 다 했는데도 안됩니다. 해당 현상 확인해서 조치를 부탁드립니다.
103,Sunny,5,2024-01-20,목록엔 영업중인걸로 떠서 막상 들어가서 메뉴선택하면 준비중이라고 나와서 불편해요. 검색 메뉴얼도 아직 적응이 안되서 불편하지만 와우 10%할인 장점으로 일단 더 사용해 보겠습니다. 고객의 불편사항을 얼마나 빨리 수용하고 적용하느냐에 따라 다른 업체와의 경쟁에서 우위를 차지할 수 있어요. 당연한 말이지만요.^^
104,알렁가몰렁,5,2022-09-20,카테고리에서 메뉴 이동 화면 제발 카테고리 (ex.한마리 치킨) 누르면 메뉴(ex.뿌링클)까지 주루룩 내려가는 화면 말고 그냥 한번에 그 화면으로 이동하게 해주세요 눈도 아프고 시간도 오래걸려서 답답해뒤집니다. 선택장애있는 사람들은 그거 하나하나 눌러보고 이미지 확인하느라 시간 다가요.. 다 좋은데 이게 참 아쉽네요 수고하세욥
105,감염된테란,1,2020-08-31,"장점은 다른 앱보다 확실히 배달이 빠르다. 매장 평가에 따라 상위노출 점수를 메기는 시스템 덕분인 듯. 하지만 다른 어플과 같은 매장임에도 배달비가 타 어플에 비해 비쌈. 그리고 메뉴 항목에서 곱빼기, 고기추가 등 여러가지가 빠져 있음. 결론 배달비는 비싼데 메뉴관리는 대충함. 다른곳에 비해 빠르니 후딱 배달 받아 먹고 싶으면 이거 쓰십쇼."
106,J쥬니,1,2021-10-04,"실수로 결제하기 누르거나, 취소하고 싶을때 취소버튼이 없는건지 찾기 어려운건지.. 주문과 동시에 몇초도 안되서 취소도 안되고, 매장에 연락하니 고객센터로, 고객센터에서 매장에 연락하니 음식이 준비되서 취소할수 없다하더이다. 고객편의를 위해서 결제수단도 미리 체크되어 있답니다. 고객편의가 아니라 취소하기 어렵게 회사 편하고 좋으라고 한것 같습니다. 취소나 결제 부분은 개선이 필요하다고 봅니다."
107,Kyoung ah Kim,1,2021-11-10,포장 옵션으로 들어가서 주문하는데도 왜 계속 주소 설정 요청 -> 배달로 전환되나요? 심지어 한번 배달로 전환되면 다시 포장으로 되돌릴 수 있는 옵션도 없네요.. 사용자 경험을 고려하신 게 맞는지 의심스러울 정도 직관적이지도 않고 간결하다고 땡이 아니죠 설명이 이렇게 부족한데 ㅡㅡ
108,김선우,3,2021-01-03,카드가 등록되어있는지 모르고 결제를 눌렀는데 바로 결제가 되었습니다. 카드 등록여부를 확인하지 못한 제 잘못이 있고 터치 한 번으로 주문이 되는 간편한 점은 좋지만 간단한 주문 방법에 비해 주문 취소는 너무 어렵네요. 주문 1~2분 이내에는 주문 취소가 간단히 되도록 했으면 더 좋겠습니다. 아침 먹고 나서 점심에 햄버거를 먹으려고 미리 고르다가 주문버튼을 눌렀는데 타사 앱이 익숙해 결제 방법 선택 이후 결제를 진행할 줄 알았지만 바로 주문 접수가 되어서 상당히 당황했습니다.
109,ROSE장미,4,2024-09-24,지금같은 시국에 무료배달이라는 큰 장점이 있지요. 근데 월회비가 올라 자주시켜 먹지 않음 장점이 안될 수도 있어요. 무료배달이긴 하지만 분식같은 경우는 최소주문금액이 배민보다 높아요. 그리고 주류같은 경우 매번 대면해야하는 번거러움이 매우 불편해요. 주문할 때마다 성인인증으로 바뀌었음 해요. 아 그리고 리뷰 보기가 불편해요.
110,강초원,5,2023-11-06,배달도 빠르고 가게들도 친절해서 항상 잘 이용하고있습니다! 기능에 대해서 한가지 요청드리고 싶은 것이 있습니다. 과거 주문내역을 기간별(주간/월간/기간선택 식으로)로 조회할 수 있는 기능이 생겼으면 좋겠습니다. 감사합니다~
111,와이즈맨,1,2022-10-13,"배달 시킬 때 마다 2,30분 넘게 지연 되는 건 기본이며 배달 기사도 안 정해졌으면서 주문만 잘 받고 지방이랑 수도권 두 지역에서 시켜봤는데 지역 탓이 아니라 여기 자체가 지연이 플러스인 시스템입니다 괜찮게 식사하거나 포장 주문 하실거면 직접 전화하거나 다른 어플 추천합니다"
112,89 pray,3,2023-08-28,살다살다 이런 사용자경험을 겪어보는건 처음이라서 어플리뷰 처음으로 써봅니다. Bhc시키려고 했는데 평소에는 배x쓰다가 갑자기 무슨 변덕인진 모르겠는데 오랜만에 쿠팡이츠로 주문하려다가 기분만 더러워지고 배x어플로 주문했습니다. 어떤 기획자가 그런 컨펌을 수용했는진 모르겠는데 메뉴검색창도 없고 단품메뉴들은 빠져있으며 대표메뉴 바로 아래부터 바로 사이드단품메뉴부터 나오는 구성이 말이 되는건가요..
113,우와앙,5,2024-06-03,"타어플을 자주쓰던 사람입니다. 쿠팡 멤버쉽사용자였는데 쿠팡이츠 소식을 듣고 처음 접하게 되면서 배달주문을 해보았습니다. 사용했던 타어플보다 최고 장점이 많아서 이쪽으로 옮겨외 완전 정착합니다. 배달비, 배달원의 배달현황, 가게 실시간현황 이런 디테일이 있어서 얼마나 기다릴수있는지 알수가 있어서 좋았어요. 뭣보다 배달비나 배달최소가격조건이 1인분주문의 부담이 다른어플에 비해 너무 없어서 최고였어요. 그리고 음식의 옵션 변경하고싶을때 매번 삭제후 추가하곤했는데 여기는 바로 옵션수정이 가능해서 편하네요;;;??? 그리고 리뷰할지말지 메뉴에 선택형으로 두어서 고를수있어서 편합니다. 쿠팡이츠 쓴지 2~3개월 되어가네요. 만족히 잘써서 친구에게도 쿠팡이츠 영업하게 되네요."
114,지잉,5,2024-01-09,실시간으로 배달 현황을 지도로 볼 수 있어서 너무 좋습니다. 다른 어플 쓰는 친구들이 부러워해요. 그리고 다른 어플보다 더 많은 카테고리들로 정리 되어있어서 검색 기능을 딱히 안써도 돼서 좋아요. 쿠팡 원래 많이 쓰는데 와우 할인으로 할인 받을 수 있어서 좋아요
115,JH KWON,2,2021-10-26,쿠팡이츠 앱은 그렇다 쳐도 고객센터의 서비스 품질은 조금 개선하시면 많은 사람들이 즐겁고 편안하게 이용할 것 같습니다. 다양한 음식을 편하게 배달로 제공해 주는 것은 즐거운 경험이지만 고객센터와의 커뮤니케이션은 다시는 겪고 싶지 않은 경험이었습니다.
116,헬리시아,1,2023-08-12,첫 결제로 5000원 쿠폰 적용시키고 할인 적용된거까지 보고 주문하려는데 결제수단추가하라고 해서 인증하고인증하고 겨우 결제 승인 단계까지 왔더니 쿠폰 적용이 해체되어서 첫결제및 할인혜택까지 얻지 못하게됨 결제수단추가시 쿠폰 적용이 리셋되는 버그가 있는지 확인 부탁드립니다. 매장이나 고객센터분들은 매우 친절하고 쉽게 안내를 해주셔서 좋았으나 앱에서 불편한 사항이 발생함.
117,JS l,3,2024-11-24,"평소 배달비까지 포함하면 비싸서 망설였던곳도 무료배송 덕분에 주문할수있어 너무 좋았음. 그.런.데...다른분 리뷰에도 볼수있듯이 배달비받는앱보다 음식금액을 더 비싸게받고 최소주문금액을 터무니없이 높게측정해서 여기서 주문하지말라는식의 매장도 눈에 띕니다. 왜 그러는 걸까요..?또,걸어서 배달하는 배달원도 있는거같던데 이 추운날씨에 음식이 다 식는데ㅠ 바로 코앞 집앞이면 배달 안시켰겠죠 걸어서가긴 애매하게 먼거리여서 배달시킨건데ㅡㅡ;;뚜벅이배달원만나서 덕분에 식은음식먹고 기분안조음 두가지문제점등으로 별점 만점은 못드릴꺼같네요.."
118,RE 2,2,2021-06-21,진짜 진짜 좋고 최고인데 단점은 다른 배달앱 보고 검색ui좀 고쳤으면 함 검색해서 결과가 나와도 뭐가 일치되서 보여진건지 하나도 모르겠고 가게들어가서도 메뉴검색없어서 찾고싶은 메뉴 한참찾다가 내가 검색한거 해당되는거 하나도 없어서 헛짓거리 해본사람 엄청많을거라고 생각됨. 1.배민이나 요기요처럼 검색하면 무슨메뉴가 유사한지 목록에서 먼저보여주면 좋겠음 2.가게들어가서 가게메뉴 내에서 검색기능한번 더있으면 함. 메뉴 엄청많은가게에서는 메뉴찾는데도 한세월임. ㅠ 그래서 맨날 배민에서 메뉴검색다하고 가게이름찾고나어 쿠팡와서 주문하고있음
119,Alejandro Choi,5,2023-09-10,"앱사용 너무잘하고있습니다. 하나 건의드릴건.. 공유용 후기말고 저만 볼수있는 이용했던 가게, 메뉴에대한 메모를 남겨놓을수있는 기능이있음좋겠어요. '혼자먹기양많음''매운재료들어감''a메뉴는 그냥그럼.b가 나은듯.' 뭐 이런 간단한 메모들 붙여놓을수있음 나중에재주뮤할때 참고할수있어서 좋을듯합니다. 가게 리뷰는 사장님, 다른이용자들이 같이 보는거라 별거아닌글도 영향을 미칠까봐 좀 부담스러워요."
120,Euna,2,2023-01-02,시의 경계에 살고 있는데 다른 시의 업체들이 거리상 가까우니 목록에 뜨는데 다른 시라 배달기사님들이 배달을 꺼려하는지 항상 배달이 잘 안잡혀서 음식이 항상 식어있거나 불어서 옵니다. 항상 업체 주소를 체크하기도 힘든데 같은 지역 내의 음식점만 리스트에 뜨는 옵션이 있었으면 좋겠습니다.
121,이유리,3,2024-04-22,"함께주문시 와우회원 배달비 무료 혜택이 적용되지 않나요? 음식을 담을때 화면에는 무료배달 혜택 적용되었다고 뜨는데, 함께주문 페이지로 넘어가면 어느 가게든 8만원 이상 결제시 무료배달이라는 안내 문구가 뜹니다. 각자 결제하는 장점이 있어서 자주 이용하고 싶은데 배달팁 무료 혜택이 적용되지 않는다면 굳이 쿠팡이츠를 사용해야 할 장점을 못느끼겠습니다. 또 어플 내에서 함께주문 배달비에 대한 안내가 부족하다고 생각됩니다. 무료배달, 한집배달 선택하는 창도 뜨지 않아서 뭐지 싶었지만 당연히 무료배달인 줄 알고 주문했다가 배달비가 결제되어서 당황스러웠습니다."
122,Google 사용자,5,2020-04-09,배달 빠르고 배달해주시는 분들도 모두 친절 가맹 음식점 수는 타 업체보다 적긴한데 배달은 훨씬 빠릅니다. 피크 시간대에는 2배 가까이 차이 날 때도 있어요. 음식이 어디까지 왔는지 확인 가능한 기능도 좋고 거의 다 왔을 때 오는 알람도 대단히 편합니다. 음식점 사정으로 주문이 취소 되었을 때 주는 천원 쿠폰도 개꿀
123,Seong-jun Bae,5,2024-01-10,"쿠팡이츠 너무 잘 사용하고 있습니다. 할인 혜택도 푸짐하여, 쿠팡이츠에 등록하지 않은 업체를 제외한 주문에서 다른 딜리버리 앱은 쓰지도 않습니다. 다만 추가되었으면 하는 기능은 쿠팡이츠 내에서(쿠팡 제외) 누적 할인받은금액과 누적 주문금액, 그리고 주문했던 음식 종류별 파이차트 같은 기능이 생기면 앱에 머무르는 시간이 더 길어질 것 같습니다."
124,蠑舞Atira_,5,2024-04-02,쿠팡이츠는 쿠팡와우회원 혜택있다 하여 그때부터 자주 이용했는데 오늘 오랜만에 들어가보니 배달비 횟수제한 없이 무료로 이제 적용되어서 최소금액만 채우면 되는 상황이 되어서 꽤 놀랐어요. 요즘 배달비가 자꾸 인상되어서 시키기가 꺼려졌었는데 정말 좋은 것 같아요. 미약한 단점 1 각자 먹고싶은게 다를 때 이거 시키고 다른 가게가서 또 시키고 해서 배달비도 더 내고 불편함이 있었는데 이게 조금 기능 추가로 개선되면 좋겠어요. 2. 검색 후 가게 영업중이라 떠서 선택하면 준비중인게 있어요 알 수 있음 좋겠어요!(추가된건지 이제 보이네요 맞나?) 3. 배달받는 장소 거리 범위에 맞춰서 거리가 너무 지나치게 멀다면 그 장소가 안 뜨면 좋겠어요. 미금역 배달비가 6천원 정도 했었기 때문에 자꾸 떠서 조금 그랬거든요. 물론 이제 거리 상관 없다곤 하지만 보통 거리가 조금이라도 가까워야 음식이 식지 않아서.. 아니면 원하는 사람만 그걸 선택하게 해주거나요
125,erin P,5,2023-05-21,"타 앱에 비해 메뉴별 분류가 다양하게 되어있어 좋아요!(디저트/간식/샌드위치 등) 한가지 아쉬운 점은 결제시 앱카드 사용이 안된다는 것인데, 추후에라도 앱카드 결제가 가능하였으면 좋겠습니다."
126,이js,5,2023-11-01,"최근에 주문시, 결제수단 변경 버튼 생겼나봐요. 그전에는 어떤 카드가 연결되어있는지 보여주지도 않고 순식간에 결제되서 놀라서 안썼는데. 이게 바뀌어서 잘 쓰고 있습니다 굿"
127,DC K,4,2024-04-18,이용하고 싶은데 불편한 점이 많습니다. 만나서 결제 (카드 및 현금이)가 안 되고 카드 결제도 본인 명의여야만 하는 점입니다. 가족이나 타인과 있으면 다른 분 명의의 카드로 결제하는 순간도 올 텐데 이 점 때문에 이용 못하고 있어요. 무료 배달 취지는 좋습니다. 업데이트 기다리겠습니다.
128,류한석,5,2023-08-21,"와우회원에게는 확실히 좋은 선택지인 것 같습니다. 아직 검색기능은 배달의 민족에 비해 떨어지는 것 같지만, 그 외 부분들(특히 배달 시스템)은 매우 만족스러워요. 주문하는 집이 정해져있는 제게는 쿠팡이츠가 더 좋았습니다."
129,조순선,4,2023-07-09,내위치로 등록 했는데 엉뚱한 곳으로 등록이 된줄 모르고 앱 주문하여 배달 기사분이 못 오는 일이 있었습니다. 내위치 등록은 오류가 있는거 같습니다. 다행히 바로 시정은 되었지만 난감했습니다.
130,전슬비,5,2024-04-07,지역 특성상 배달료가 엄청 비싼편인데 배달비 무료만 해도 4~7천원 할인되는게 너무 기분좋습니다. 배달비 비싸서 못먹던 맛집도 요즘 잘 먹고있어요. 배달비무료 서비스 지속가능여부는 확실하지않지만... 얼마전 어느 매장안에서 식사도중 (타어플)한집배달 기사님 배달가방에 여러가게 상품이 들어있는걸 봤습니다. 그래서 곧 죽어도 여러배달 섞여오는 주문으로 시켰었는데 얼마나 걸릴지 모르잖아요? 쿠팡이츠는 다른가게와 다른집 위치까지 공유가 되어 신기하고 우리집에 언제오는지 보이니까 차분하게 기다리게 되더라구요. 아직 타어플 대비 가게수가 많지는 않지만 유용하게 사용하겠습니다.
131,신정미,4,2024-11-24,대부분 무료배달에 빠르게 도착해서 좋은데요 간혹 다른앱보다 음식값이 더 비싸거나 없는메뉴가 있는곳이 있어요... 무료배달이라고 해놓고 가격을 올려받는거나 저렴한 메뉴는 누락시키는건 잘못된거 같아요... 개선이 필요할듯...
132,쩝후룹,1,2023-01-10,"코앞에서 사기당했네요. 첫주문에 5000원 적용할인이래서 확인까지 다하고 결제버튼 누르자마자 할인쿠폰 적용이 안되고 결제가 되버렸습니다. 너무 당황스러워서 취소부터 하자 싶었는데... 바로 취소하는 버튼이 없어서 찾다가 매장에서 주문수락한후에는 늦었네요. 5000원이 적은 돈도 아니고 덜덜 떨리는 손으로 채팅문의를 했는데, 상담원이 쿠폰을 적용한 이력이 없어 쿠폰을 재발급해주겠다는 답변만 내놓았습니다. 이게 말이 되나요? 날려먹은 제돈은 그냥 잘못쓴거고 다음 주문이나할때 할인이나 하라고요? 다시는 사용하지않겠습니다.. 이런식으로 영업하면 참 돈벌맛 나겠군요."
133,울랄라,1,2024-04-11,"좋아요!!!!!!! 근데 현장결제 좀 부탁해요.......ㅠ0ㅠ 딱하나뿐....ㅎㅎ ------ 2404후기 >>뭐야, 무료배송도 아니고 그렇다고 기존 10퍼센트도 아니고 그냥 10퍼 할인 없애려고 꼼수 부린거에요??? ---240411추가>>네?? 무료배달이 안되는데 무슨 설정이요?? 이전혜택 선택하기 전에 무배가 되야 선택을 하던말던하죠. 그래서 이전 서비스 그대로 유지 눌러도 10퍼 할인도 안되더만요, 뭘. 설정만 만들어놓으셨다고 되는게 아닌거 같네요."
134,이연진,3,2020-12-08,쿠팡이츠에서 첫주문하고 기다렸는데 수락지연 주문취소를 당했습니다. 매장에서 수락을 지연하면 주문취소 되면서 첫주문 할인쿠폰도 사용 못하게 되어 많이 속상했습니다. 개선 필요할 듯... 매장에서 수락지연 경우 수락이 지연되고 있다고 안내문자 주고 기다릴건지 취소할 것인지 고객이 선택하게 한다던지... 고객센터 전화 전까지 매장 탓 했는데 통화해보니 시스템 문제인듯 싶습니다.
135,yeony,4,2023-02-04,"배달비를 최저가가 아니라 최대가격으로 보여주면 좋겠어요.. 지급 가능한 배달료가 있는데 3,000원 최대로 검색해도 배달비가 ""무료~""로 뜨는건 무료~6,000원이어도 같이 검색되서 불편해요. 배달비 본다고 몇번 나갔다 들어갔다하면 헷갈려서 다른거 시키거나 다른 앱 쓰게 돼요. 음식마다 후기 수량 적혀있는데 후기도 같이 볼 수 있으면 좋겠어요. 먹고 싶은 음식 후기 보려면 전체 후기에서 하나씩 찾아봐야해서 불편해요."
136,최일귀,3,2024-11-04,"배달비 무료라는데 그래서 와우회원가입해서 돈내고 쓰는데, 다른 배달어플보다 쿠팡이츠에서 주문하려고 보면 음식가격이 더 비싸거나, 세트메뉴에는 메뉴가 한두개 적거나 음식양이 적고, 그러다보니 동일한 메뉴, 음식을 추가로 시켜야되고 결국 총 결제금액은 다른 배달어플은 배달비 포함인데도 거의 비슷하거나 오히려 쿠팡이츠가 비싸네요. 와우회원을 탈퇴해야하나 고민되네요."
137,Hoony,4,2022-10-14,먼저 생긴 배달플랫폼과 비교 하자면 답답하고 속터지는 경우가 많음 내부 규정이 너무 까다로운 점이 한목 하는것 같네요 음식이 잘못 온 경우가 한번 있어서 전화를 했지만 돌아오는 답은 기다려라 알아보고 전화 준다는 답변 뿐...다음부터는 그냥 먹고 있네요 답답한 점만 빼면 아주 좋은 플랫폼 입니다 항상 잘 이용하고 있습니다
138,Hyorim Han,1,2022-09-20,쿠팡이츠는 한번에 한곳만 간다는 배달 정책이 있는거 아닌가요? 요즘 배달하시는 분들의 비정상 운행이 너무 많습니다. 배달 현황보면 누가봐도 다른 음식점 들려서 다른 집(옆단지 등) 갔다가 오는게 보입니다. 비정상 운행으로 문의하면 GPS 탓만 하는데 한두번도 아니고 한번에 한집만 간다고 대대적으로 홍보하고는 실제로 그렇게 운영이 안된다면 별도 조치를 하셔야 한다고 봅니다.
139,김혜련,5,2023-05-29,"리뷰 작성하려는데 메뉴랑 라이더님 좋아요만 누르고 실수로 완료 눌렀는데 리뷰 작성이 끝나더라구요 ㅠㅠㅠ 별점도 드리고 사진도 올리고 싶었는데요.. 이런 경우에 리뷰를 수정할 수 있으면 좋겠고, 어떤 이유때문에 불가능한 거라면 리뷰 수정 불가능한데 이렇게 리뷰 작성 끝낼거냐고 알림이 한번 뜨면 좋겠습니다. 상기사항에 대해 문의드리려 밤에도 운영을 하나 싶어 혹시나 하고 고객센터에 전화했는데 늦은 시각임에도 친절히 응대해주시고 피드백도 바로 주셔서 감사했습니다. 이전엔 와우회원 혜택이 없었던 거 같은데 할인이 생겨서 반갑네요 더 이용 많이 할 거 같습니다!"
140,Dohee,2,2023-11-07,개선이 많이 필요한 어플...할인때문에 사용하고 있긴하지만 타사어플에 비해 허접한건 사실. 우선 본인이 쓴 배달요청사항 확인을 할 수가없어 수정이나 확인이 필요할 시에 본사나 음식점에 직접 연락해야함 주말엔 본사 확인도 안됨. 또한 휴무나 휴업중인 가게가 미리 필터링이 안되서 결제까지 하고 수분 후에 결제취소되고 안내가 됨.
141,미친세상버릇고쳐주지잘해주면ᄇᄉ바보되는세상 (천사도악마로만드는),5,2024-12-05,"장점 1. 엇갈림(오차) 없으면서도, 신속한 배달 매우 만족 칭찬드림 . 2. 쿠폰과 할인제 감사히 잘썼습니다. //단점 1. 말그대로 가게매장(자영업 프렌차이즈점)만 주로 쿠폰할인 가능하고, 일반상품브랜드(예::maxim커피믹스)는 적용안되는점 등이 지금껏까지의 아쉬움입니다. 2. 땅바닥이나 문밖에 두지말고, 계속해서 직접전달 해주시길"
142,햄스터 삼둥이,5,2024-05-15,무료배달이라서 정말 좋습니다. 2식구라서 배달 가격 액수를 높게 정하지 않았으면 해요. 어떤 가게는 3만원 이상인 곳도 있어서 주문 못하는 곳도 있거든요. 음식값도 비싸고 배달비도 비싸서 배달앱 주문 거부감이 있는데 쿠팡이츠 무료배달 생각나서 들어왔는데 할인쿠폰까지 있어서 너무 좋았어요. 다른 앱 탈퇴하고 지웠어요. 만족스러워요.
143,토끼양,1,2022-05-17,결제버튼 실수로 누르면 확인창도 없이 바로 주문들어가는거 고쳐주세요. 적어도 주문하시겠습니까 확인 메시지는 떠야죠. 실수로 주문해서 바로 취소하려고 했는데 곧바로 조리 들어가는바람에 취소도 못하고 가게로 연락하는 방법 찾기도 힘들고 어쩔수 없이 먹었어요. 그 이후로 무서워서 쿠팡이츠 이용 안합니다
144,Haejee Kim,5,2020-08-03,"배민, 요기요의 갑질문제 등으로 인해 배달어플을 끊은지 네달째.. 불편함을 느끼고 대체재로 쿠팡이츠를 다운받아봤습니다. 업체의 다양성과 UX부분 등에서 타 업체와 비교적 부족함이 있을 거라고 생각했던 것과는 달리 기대이상으로 만족한 어플입니다. 우선, '치타배달'이라는 신속함! 지금까지 평균 배달시간이 20분밖에 되지않을 정도로 배달 시간이 매우 빠르다는 것이 장점입니다. '8282의 민족' 한국에서 시간이라는 요소는 퀄리티와 가격만큼 아주 중요한 요소라고 생각합니다. 이 부분에 있어서 다른 경쟁업체보다 경쟁력이 있다고 생각합니다. 나아가 door-to-door 과정을 한 눈에 볼수 있다는 편리함이 장점입니다. 택시어플처럼 배달과정을 지도상에서 실시간으로 볼 수 있어 시간을 정확하게 예측할 수 있으며, 배달 실수 등의 문제를 해결가능할 것이라 생각합니다. 이외에도 더 많은 장점이 있지만 글자수 제한으로 이만 줄입니다. 결론은 QCD 모두 갖춘 쿠팡이츠가 최고라는거👍🏻"
145,한경훈,1,2023-05-21,제가 쿠팡 정말 좋아하는데 쿠팡잇츠는 다시는 이용하고 싶지 않네요. 주문하자마자 잘못된 걸 알고 매장에 전화했더니 주문변경 및 취소는 쿠팡고객센터만 된다고 하고 고객센터는 매장 핑계대면서 메뉴변경도 안된다 주문취소 후 재구매도 안된다고 하고.. 정말 식사 주문 하나 했다가 기분이 엄청 상했습니다.
146,김명화,1,2021-06-18,"주위에서 추천받아서 사용하게 되었는데 배달기사가 중간에 사라지질 않나 연락두절에 음식메뉴는 엉망이 되서 오고 ㅋㄱ ㄱㄱ ㄱㄱ다시는 사용할거 같지 않습니다. 고객지원센터에서도 만족스러운 답변을 받지 못 했네요. 다시는 쓰지 않고,지인들 한테도 열심히 알려야 겠네요!~~ 앞으로도 번창하세요^^"
147,jk k,4,2025-01-19,최근들어 할인하는 곳도 꽤있고 해서 자주 사용중입니다. 예전보다는 매우 만족스러운데 매장별 요청사항 저장기능이 없어 자주 시켜먹는 곳에서 매번 똑같이 적어야하는게 너무 불편합니다. 개선 부탁드립니다
148,ᆞ티모,2,2024-09-21,비 오는 새벽에 배달 시켜먹을려고 했는데 가게 설정으로 인해 배달이 아닌 포장으로 주문이 되어 구매 즉시 취소하려 했으나 매장 직통 전화번호도 없고 주문 취소도 없어서 결국 비 오는 새벽에 미성년자여서 차도 없이 3.4km거리를 가서 포장 받아왔네요 물론 저의 과실도 있지만 구매 즉시 주문취소를 하려 했는데 주문 취소를 일정시간 안에 할수 있는 것과 매장 직통 전화번호는 있게 고쳤으면 하는 바램입니다 앱은 유용하게 쓰고 있어요
149,DD basic,2,2024-11-24,매장에 직접 전화하여 메뉴의 존재를 확인하고 쿠팡이츠 앱에 메뉴가 없다고 문의를 하였더니 10분 전에 연락한 매장이 영업종료되어 확인이 불가능하다니 답장을 받았습니다. 그래서 다른 배달앱으로 확인하여 주문하니 메뉴도 그대로 있고 영업도 계속 하고 있었습니다. 문제를 해결할 의지가 있는 상담사가 배치되었으면 좋겠네요.
150,피아,1,2021-09-06,배달이 차로 20분거리에 있는 기사가 배정됐어요 두번이나.. 참고로 걸어서 10분이면가는집에 배달을 시켰습니다.. ㅋ 이거 배달 이런식이면 손님 떨어지고 망할거같은데요.. 기사님들도 멀리배정 받아서 오래 일못할듯요 기사가 없으면 배달이 느리고 이용자는 점점 빠져나갈거고요
151,YS C,3,2025-07-01,매번 주문 시 마다 보유하고 있는 쿠팡캐시가 강제로 자동 적용되어 있는데 쿠팡 앱처럼 기본값이 미적용인 상태로 개선해주시면 안되나요? 쿠팡캐시는 제가 사용하고 싶을때 사용하고 싶습니다. 강제 적용된 쿠팡캐시를 매번 적용해제 하는게 피로합니다.
152,겐지장인,5,2025-07-17,"터치 오류인지는 모르겠는데 갑자기 결제되었네요. 화면 아래에 있는 결제 버튼을 안누르고 화면을 위로 올리는 상황이라 결제 버튼이 안보이는 상황이였는데 결제창으로 넘어가지고 돈이 빠져나갔습니다. 물론 주문 취소하면 되는거지만, 좀 당황스러웠어요."
153,Choon Mae Kim,5,2025-07-08,쿠팡 회원으로 여러가지 혜택 좋아서 배달음식은 잇츠만 애용합니다.과거 여러가지 불만요소들도 차츰 개선되어 가는점들 좋고 할인 이벤트 좋고 배달상황도 대부분 좋습니다. 더 발전해주시고 편하고 즐겁게 애용할수 있게 운영해주세요~~^!^
154,김희영,5,2025-07-04,"한번 시켰던 맛의 품목을 저장하고 있어서, 맛있었던 품목을 그냥 시키면 되니까..., 고민도 덜었고, 선택한 품목에 대한 후회가 되지 않아서 좋았네요."
155,김장원,1,2025-07-16,결제창에서 왜 쿠팡캐시를 전액사용으로 우선설정했는지 이해가 안되네요 기본 디폴트는 카드결제로 하고 포인트를 쓸지말지를 정해야하는데 그냥 무지성 전액사용으로 기본값이 매겨지니 포인트쓰기싫은 사람들 억지로 유도하는 것처럼 보입니다 이거 해결될때까지 저도 주변사람들한테 무지성으로 알리고 소문내겠습니다
156,홍민준,5,2025-07-16,"전반적으로 배달 기사분도 친절하시고,, 시간에 맞추어서 배달해 주셔서 감사드립니다. 주문하기도 편리하고,, 사용하는데 부족함없이 만족스럽네요"
157,형진,1,2025-07-21,기본적으로 시스템 오류가 심하네요 이벤트 페이지를 들어가도 에러나고. 쿠폰받으려고해도 계속 뺑뺑이 돌게 시키고. 와우회원으로써 배달비 무료혜택도 가게에서 음식값을 올려버리니.. 쓸모가 없고
158,Inha Kim,5,2025-06-16,"와우회원인 경우, 타 배달앱과는 달리 배달비가 무료여서 좋고, 취향에 따라 잘맞는 음식과 음식점을 추천해주어서 쉽게 메뉴를 고를 수 있었어요. 다른 앱 사용 안하고 계속 이용하게 될 듯."
159,김호열,1,2025-07-19,"배달료 공짜라는거 말고는 좋은게 없어요.한집배달도 한집만 배달하는거 아니고, 음식점 카테고리도 다 겹치고, 배달기사들 때문에 음식이 다 식거나 엉망되서 오는 경우가 허다한데 전혀 개선을 안함."
160,TaeYang Shin,2,2025-07-05,앱 잠금 기능이 없네요. 쿠페이 결제로 하면 비밀번호 없이 바로 결제되는거 같은데 그냥 눌려서 배달 진행이 되네요. 앱 기능 업데이트 좀 부탁드립니다.
161,자이언트LOVE,5,2025-07-11,탕수육 깔끔하고 짜장면 맛있었어요 짬뽕맛집처럼 시원한국물에 굿굿! 다음에도 주문할것 같아요 단지 둘이먹기 많아서 탕수육 량을 줄여서라도 세트로 먹을수 있으면 좋겠어요
162,유근준,5,2025-06-06,참 좋은 배송 앱스토어 입니다 배송도 빠르고 주문한 제품 파손된 것 없이 집앞으로 깔끔한 전달해주셔 잘먹고 잘쓰고있습니다 여러가지 다양한 서비스를 제공 하고 계절 따라 싱싱한 각종 야체및 과일. 여러가지 제품을 소개 시켜 주는 것이 시간이 없는 분들께서 좋아 할만한 쿠팡 모바일 앱스토어 짱입니다.
163,현재,3,2025-07-02,키워드를 입력하고 주문많은순 검색하면 별상관도 없는 가게들이 뜬다. 검색기능이 매우 후지다.
164,Google 사용자,5,2025-05-23,"잘 쓰고 있습니다 메뉴마다 리뷰를 볼 수 있으면 좋겠어요 사진 등록되어 있지 않은 메뉴들도 있고, 또 사진은 등록되어 있지만 리뷰는 어떤지 궁금할 때도 있는데, 전체 리뷰에서 그 메뉴 리뷰는 어떤지 찾아야하는 게 힘들어요 메뉴 선택지에서 리뷰를 볼 수 있는 방법이라든가, 전체리뷰에서 상품필터를 골라서 볼 수 있으면 좋겠어요"
165,보라라,1,2025-07-07,한번 주문했고 썩은 음식 받은 식당이 자주 주문한 식당으로 뜨는데 그거 기능 좀 없애주세요. 볼때마다 불쾌하고 쓰지도 않아요. 사용자는.
166,Hinatea J,1,2025-05-28,배달 후 주문내역에서 내가 가게측에 남긴 요청 확인이 안됨. 배달 영수증에 배달 요청이 기재가 전혀 안 되어 있어 라이더가 무시하는 건 다반사임. 타앱에 비해 이런 기본 시스템이 전혀 안되어 있습니다. 상담원들도 진짜 질문 요지 파악 못하고 몇번씩 묻게 함. 아무리 개선 요청해도 바뀌는 건 없습니다.
167,흐음흠,5,2025-06-03,"대중적으로 알려지지않고 프로모션들(이게좀크긴한듯)이 별로없을뿐, 기능이나 ui직관성등은 1~2위 노나먹는 배달어플들 이상이라고 생각함 +25년 6월 추가 저때도 ui직관성 이야기를 했었는데, 점점 난잡해져가서 어디를 눌러야되는건지 헷갈리는 타어플에 비해서 깔끔하게 ☆직관적으로☆ 알 수 있는 아이콘은 여러 연령층 이용하는 쿠팡앱 짬바 어디안간다고 생각함 아주아주훌륭합니다!"
168,박선미,5,2025-05-17,분주한 퇴근길에 구매하러 가기도 주말 휴일에 일부러 가기도 좀.. 번거로워 자주 먹지 못했었는데요~ 쿠팡이츠앱 통해 간편하게 주문해 좋으네요!👍 무료배달등 할인 이벤트도 잘 활용 유익한것 같아요. 쿠팡회원가가 올라 살짝 부담였지만 배달앱을 이용하니 만족스러워요😘
169,김종섭,5,2025-06-22,이용업체가 다른앱에 비교해서 약간 부족? 한것 같아요 추가글: 시간이 지날수록 조금씩 좋아지는 것 같아요* *@계속 사용하면서 아주 좋아지고 있어요 이제 다른 앱은다 지워버렸어요 이츠 즐거워요 *많은 시간이 지난 후의 후기: 지금은 불편없이 아주 잘 사용하고 있어요
170,정경훈,5,2025-05-16,UI 이거보다 더 개선 할 수 있을것 같은데... 이게 최선은 아닐껀데.... PS. 저번에 메뉴가 한눈에 꽉 안차길래 그거땜에 얘기한건데 죄송합니다. 개선했네요 ㅎ
171,JS Y,5,2025-06-01,매번 요청사항에 밑반찬이나 단무지 무등 빼달라는게 귀찮고 불편한데 아예 계정 자체에 해당 기능을 넣은걸 만들어 넣는건 없나요? 그럼 주문할때도 편리하고 가게에서도 바쁠때 분별하기 편리하지 않을까 생각드네요
172,김수정,4,2025-05-13,쿠팡와우 회원이어서 잘 이용하고 있는데 결제가 너무 쉽게되며 넘어가는게 한번씩 불편하네요~ 좀더 메뉴 고민하고 비교하려다가 결제될때가 있어요 ㅎ
173,RAFALE,5,2025-06-12,"이제 편의성은 다 챙긴 거 같은데 알람 기능 분류좀 어떻게 해주세요.. 그냥 배송 완료 알림만 받고 싶은데 주문 받았다, 거의 다왔다 이런 자세한 알림은 끄고싶어요 그리고 리뷰 남겨달라는 알림도요 이런거 다 끌 수 있는 기능 제공 부탁드립니다"
174,손지민,5,2025-05-25,전화한통이 빠르다고 생각했었던 1인입니다 또한자영업자분들에도 전화한통이 더나으리라생각했었구요 어느날부터는 배달앱을사용안하는 내가 무색한사람이되버린 느낌을받으면서 여러어플들이 많지만 쿠이츠만 씁니다 다른어플은 애들이쓰는걸로~
175,Chul Lee,5,2025-06-21,"우연히 사용했다가, 자주 사용하게 된다는... 만약 문제 있었다면, 자주 사용할 리가 없겠지요. 다양한 음식 기호를 다 맞춘다고 봐야지요."
176,김수진,5,2025-05-26,다른분들 후기에도 적혀있던데 저 또한 문제가 생겼을때 빠르게 응대하고 해결해주는게 마음에 들었어요! 무료배달인 점도 매리트고요
177,SY (CZer0),1,2025-06-28,"우리카드 > 다른결제수단 > 네이버페이, 네이버앱으로 로그인 안됩니다. 물론 네이버어플 최신버전이고요 계속안되서 불편해서 결국 글씁니다 갤25+ 사용중"
178,S. Y. P,4,2025-06-17,상시쿠폰 있는 가게도 있고 와우 쓰는 보람을 느끼게 해서 주로 쓰기에 나쁘지 않아요. 다만 요즘은 배달원들이 동네 두세 개는 돌고 오는 듯. 배달 예정 시간 자꾸 늘어나고 음식이 식어서 와요. 유독 쿠팡만...
179,광부,1,2025-06-30,매장번호 확인불가 주문변경 불가능 기획 자체가 잘못됨 잘못주문하면 주문수정이나 취소 불가 고객센터에 무조건 연결해야함 연결하는동안 메뉴는 다 만들어져서 주문 수정불가 이렇게 기획짜놓은사람은 짜르는게 회사에 도움될듯하네요~
180,yunj na,5,2025-06-28,무료배달이 많은게 좋고 빠른배달이 좋아요. 배달 사장님들 위험성이 걱정은 되는데 항상 안전운전에도 유의하셧음 하구요 그리고 좋은 이벤트나 프로모션으로 배달에 쿠폰처럼그런것도 종종 잇엇음 해요
181,Judy Kim,5,2025-06-21,"배달음식은 무조건 쿠팡이츠로 해요. 왜? 거의 대부분이 배달비 무료니까! 아끼려면 만들어 먹어야 하지만 그럴수 없는 것들, 그럴수 없을 때가 잇잔아요. 마침 와우멤버쉽 쓰고 잇으니 일석이조죠. 와우로켓배송 너무 사랑하는데 쿠팡이츠까지^^ 가끔 밥하기 싫을때 똑같은거 먹기 싫을때 쿠팡이츠 유용해요 좋아요"
182,강여사,5,2025-07-12,쿠팡이 좋은게 한번 등록하면 다 이어저서 따로 설정 안해도된다는거 이거진심 편함 새로 등록하고 찾고 정말 편해요
183,김혜임,4,2025-05-16,훌륭하지만 별하나 뺀건 배달의 민족이랑 비교했을때 가격차이가 꾀 나는 경우가 많습니다. 배달비 감안했을때는 싸지만 그래도 눈땡이 맞는 기분은 좋진않죠.
184,홍상빈,1,2025-06-21,"제가 오늘 쿠팡이츠 앱을 설치하고 들어가니까 와우회원 15,000원 쿠폰을 받으려고 하다가 다른 어떤 화면이 떠서 눌렀고 이후 다시 쿠폰 받는 화면으로 돌아왔지만 빈 화면만 떠 있었고 그대로 휴대전화 뒤로가기 버튼을 누르니 쿠폰도 지급이 안 된 채로 그 기회가 사라졌습니다. 그 쿠폰은 6월 22일까지 사용 가능이라고 적혀있었습니다."
185,박은영,3,2025-06-30,본인명의 결제수단만 적용되는거 너무 불편하고 주문절차가 너무 단번에 이뤄져서 장바구니에 담아 가격비교할 틈도 없이 주문이 되버려 곤란한경우가 많네요.
186,끼룩,5,2025-05-17,"배달현황 보여서 좋아요. 가게마다 본인만 확인가능한 메모기능 있으면 좋겠어요. ex. @@@중식집 -> 짬뽕 맛있음, 탕수육 별로 이런식으로요!"
187,김진희,5,2025-06-15,쿠팡이용하면 무료로 이용가능하고 한집배달비도 비싸지않아서 배*클럽 오래사용했는데 갈아탔어요. 다만 음식점수가 좀더다양해지면 좋을거같아요
188,황희열희,5,2025-06-09,선택 주문하기 편리해서 좋아요. 중간중간에 진행상황 알림으로 볼수있어 좋구요 가끔 쿠폰도 받을수 있어 좋구요 역시 쿠팡이네요.
189,지영,3,2025-05-15,얼마 전부터 즐겨찾기한 가게가 한번에 안뜨는 오류가 생깁니다 몇번 들어갔다 나갔다 해야 떠요 확인 부탁드립니다 별개로 주소지를 여러개 사용하는데 주소지별로 즐겨찾기 매장을 구분해서 볼 수 있었으면 좋겠어요
190,Kevin,1,2025-05-31,"첫결제 10,000 쿠폰 써지지도 않던데? 도대체 뭐가 할인된다는거? 결제 화면전에서는 할인가격인데 막상 탭해서 결제내용 보면 가격 그대로 다 받던데? 뭐임? 막상 쿠폰 보면 사용됨으로 나오고 배달내역도 안남던데 원래 이런건가요?"
191,이름,4,2025-06-05,"결제페이지 들어갈때마다 GPS 위치 켜라는 팝업이 반복해서 뜹니다 닫아도 쿠폰이나 요청사항 칸 이동할 때마다 뜨는데, 배달 앱에서 배달주소 외에 사용자 위치 정보 요구하거나 GPS 설정 강제하는 경우는 처음 봅니다 몇년째 이러고 있어요 개선되길 바랍니다"
192,후추곰이,5,2025-07-16,배달의**보다 나아요.라이더위치 확인도 되고 에로사항 처리도 신속하게 진행되요.쿠팡이츠만 씁니다.
193,양성호,5,2025-06-14,요즘 고물가시대에 너무너무 좋은가격에 행사도 많이많이 하시고 착한 가격에 맛난 배달음식도 시켜먹을 수 있고 너무너무 좋네용^^
194,다시쩡,5,2025-06-07,일단 문제처리가 배x보다 훨신 적극적이고 빠르고 조취도 매우 좋습니다 맨날 말로만 관할부서 넘겨서 어쩌고가 아니라 진짜로 신속하게 반영해주고 문제 됐던거에 대해 쿠폰도 주고 고객의 소리를 무시안해요
195,김나래,5,2025-06-02,무료 배달 되서 좋아요!! 배달비용도 배민보다 적게 들고요~~~!!! 가끔 원하는 지점이 없을때도 있지만.. 그래도 넘나 만족스러워요~~
196,김푸름,5,2025-07-03,사장님들만 볼수있는 비밀리뷰를 쓸수있는 기능이 있었으면 좋겠어요 좋았던집이었는데 조금 아쉽게 바뀌었으면 고객입장에서 조용히 알려드리고 싶은가게도 있거든요
197,ᄋᄋ,4,2025-06-16,메뉴 선택하면 그 메뉴 리뷰만 볼 수 있는 기능도 있으면 좋겠어여 리뷰다 다 통합이라 아쉬워요
198,스타일린,5,2025-04-26,쿠팡 와우 회원이면 무배도 가능하고. 자주 애용합니다. 조금 불편한 부분이 있는데.. 리뷰 작성한분들 참고해서 최대한 고쳐 나가면 ㅂㅁ 앱 보다 지금도 훨씬 좋지만.. 편의성도 좋아져서 더 이용자가 많아질듯 합니다.
199,양승규,1,2025-06-02,그래요..그냥 ...배달 시켰고 ..시간 지난후 가게로 전화 드렸는데..갔어요! 끝...중국음식을 1시간 있다 받았네요 뭔가 ..점검정도가 ..있어야 할듯
200,오재인,1,2025-06-26,써보니 최악입니다 15000원 이상 배달 가능한 NH농협카드 쿠페이 머니 12000원 쿠폰 받고 나서 메뉴 시켰는데 쿠폰 사용을 제가 분명히 눌렀는데 사용이 전혀 안된채로 주문이 되었습니다 적용되었다면 11300원으로 주문됐을텐데 23300원으로 주문이 되고 말았습니다 쿠폰 혜택이 전혀 안되는 배달앱은 처음봤습니다 이럴거면 배달전용 쿠페이 머니 12000원 쿠폰 왜 사용하라고 하시는 겁니까? 다시는 이앱 전혀 안쓸거예요
201,Hyo-Young Son,4,2025-05-06,"일반결제 가능하다고 해서 주문해볼까 했는데... 법인카드는 영수증 발급이 안되네요. (승인번호가 적혀 있는 매출전표) 배민, 요기요는 메일로 받아 볼 수 있게 기능이 되어 있는데.... 쿠팡이츠도 메일로 영수증 받을 수 있도록 기능 추가해 주시면 고맙겠습니다."
202,박성근,5,2025-06-12,배달비도 무료고 배달도 빠르고 음식도 따끈따끈하고 맛있게 잘 먹을 수 있는 거 같아요. 강력 추천입니다.😄👍
203,김상미,4,2025-05-22,메뉴별 리뷰 열람 기능 및 블랙리스트 (다시는 주문하고 싶지 않은 업체) 설정 기능이 추가되면 좋겠습니다
204,성수정,3,2025-07-08,배달의 민족처럼 위생인증 업체 표시 해주세요. 요식업 종사해보신 분들은 알겠지만 위생은 진짜 천차만별입니다. 굉장히 중요한 부분이라 가게 테두리를 금색처럼 두르던 지 아니면 특별히 표시해주시던 지 하셔야 할 거 같아요.
205,ironman c,1,2025-07-02,같은 음식점 같은 음식인데 요기요보다 비쌉니다 와우회원인데도 비싸면 어쩌라는건가요? 와우회원 무료배송? 음식값에 덮어 씌우고 비싸게 팔고 배송비 안받고... 눈가리고 아웅이네요 최악입니다 그리고 왜 평점이 낮은 리뷰는 더보기 안누르면 뜨지도 않나요?
206,이성준,2,2025-07-09,무료배달 시키면 30분 온다 적혀져 있는데 정작 오는건 대부분 50분에서 1시간10분 사이로 도착이 따지면 그러면 한집배달 시키던가 라는 반응이 일관 그냥.. Goa ! t 앱. 딸배 한번 배달할때 2 ~ 3곳들르던데 좀 喝하고 자제좀 시켜봐라 오토바이면 빨리 오니깐 괜찮은데 차량이나 자전거가 늦어 터졌으면서 욕심내가지고 주문 여러게 잡는거 꼴받는데 오토바이 딸배를 늘리라고
207,minjung han,5,2025-07-01,배달비 무료라 편하게 자주 이용하고 있어요~ 불편한 사항도 바로바로 대응해줘서 좋아요~
208,Hyeonlee Lee,4,2025-07-13,"다 좋은데, 배민이나 요기요처럼 메뉴별 리뷰 필요해요.... 내가 먹고 싶은 메뉴의 리뷰가 별로 없을 때 너무 고민돼요"
209,정재환,4,2025-07-12,결제 시 한번 더 물어봐주면 좋을 듯 싶습니다. 주문금액 확인하려다가 갑자기 결제 되어 당황했습니다.
210,김지운,5,2025-07-20,배달도 빠르고 음식물도 안전하게 갖다줘요..주문도 편리합니다
211,꿀꿀보스,5,2025-07-21,배×보다는 좋긴한대...가게전화가 연결안되잇어서 오늘도 소스가안와서 전화하려다가 전화번호가없어서 이것저것눌러서 받긴했는데 좀불편햇어여
212,그린애플,5,2025-07-06,편리해요 배달현황을 실시간으로 표현해주는 그래픽도 만족합니다
213,JW Shin (ShinJW),5,2025-07-09,요청사항도 저장 기능 만들어주시면 안되나요? 없어서 복사 햐놓고 클립 보드에서 찾아 붙여넣는 중입니다.
214,쿠팡맨,4,2025-07-13,배달료는 없지만 음식 자체가 매장이란 달라 결국 돈을 더 내지만 그래도 저렴하게 주문할 수 있어 좋네요
215,박서희,5,2025-07-20,"늘 잘 사용하고 있습니다. 배송, 배달은 쿠팡만 이용하게 만드는 힘이 있네요^^"
216,P은희,5,2025-07-11,배송 시간과 오는 과정도 상세히 보이고 배송료도 저렴해서 좋네요.
217,김미현,5,2025-07-13,쿠팡이츠 너무 잘사용하고있어요 어디쯤오는지도 알수있고 시간도 예상시간보다 빠르고 배달시키기에 참 좋은거 같아요
218,지하고등어 (배달차.),1,2025-07-14,2틀 동안 네트워크 연결실패 라고 접속이 안됨ㆍㆍ삭제후 재설치 해도 같은 증상임
219,임정민,5,2025-07-17,무료배달과 배달위치 확인할 수 있다는 점이 매우 만족스럽습니다.
220,라파조아,5,2025-04-25,첫인상은 별로 였지만 그 이후로 계속 잘 쓰고 있어요 상담사 연결도 편하고요 목록에 최소 주문 표기 없었는데 생겨서 리뷰 다시 답니다 좋네요!! 매번 눌러서 확인해야하는 점이 불편했었거든요
221,뚜비두밥,1,2025-07-04,자꾸 즐겨찾기 들어가면 렉 걸리는데 이거 언제 고치려고 하십니까?? 그리고 알림 기능도 광고 알림이랑 배달 알림 기능 분리하세요
222,김지현,5,2025-07-04,새벽엔 배민에 비해 없는 업소가 많고 같은 업소도 메뉴가 없는 업소도 있지만 할인도 되고 와우 회원은 배달비가 무료라 좋아요
223,ma n,4,2025-05-26,음식 배달왔는데 순서 바꼈다고 음식 안주고 다른 곳 먼저 들렀다가 오는 시스템은 대체 어떤 시스템인가요 괜히 배달원들만 동선 꼬이고 소비자들도 기분 안 좋아질 것 같습니다.
224,4885,1,2025-05-11,와우회원가입하고 12000원쿠폰 받았는데 첫주문만 주는 쿠폰이라 쓰지도못하네;; 첫주문 조건없이 그냥 주면 안되나요 받긴 받았는데 못쓰는걸 받아서 짜증나네요
225,동 현박,5,2025-05-12,주로 여기어플로 배달주문합니다 저는 평소에 세심한 성격인편인데요. 이 어플로 배달 시키는게 가장 효율적입니다. 문의 담당 분들도 굉장히 친절하시고요. 왠만해선 저는 이 배달 어플을 계속 쓸 예정입니다~♥ 화이팅하십시요~♥💕
226,박경필,5,2025-07-21,"그 유명한 쿠팡이츠를 이제야 이용시작하여 애용하게 됐네요. 다른 어플그동안 이용했으나 이제야 갈아탔고, 진작 갈아탔어야 했다는 후회중입니다."
227,비타,5,2025-06-03,요즘 배달비 어떻게든 더 받아먹으려 하는 어플이 판을 치는데 쿠팡 와우 멤버십 유저한테는 혜택이 너무나도 좋아 잘 애용하고 있습니다 다른 어플에 비해 점포가 많이 뜨지 않은 건 좀 아쉽지만 그래도 할인도 많이 해주고 배달비도 무료고 진짜 효자 어플이에요 망하지 않게 평생 유지 부탁드립니다!
228,마뚜루,5,2025-05-14,혜택도많고 이벤트도 많고 배달비도 무료고 참 좋네요 메뉴값이 조금 차이는 나는데 그래도 혜택받으니 훨씬싸요 배달 위치도 보이니까 엄청좋아요
229,ᄋᄋ,1,2025-06-07,"입대전에 마지막으로 뭐가 먹고싶어서 햄버거 메뉴좀 보다가 결제버튼 한번 잘 못 눌렀는데 주소지, 요청사항, 결제되는 카드가 뭔지 확인도 없이 바로 결제되었는데 정말 불쾌하네요. 원터치 결제인가 뭔가 쿠팡에서 켜져있어서라는데 쿠팡이랑 쿠팡이츠랑 연동되더라도 결제 관련 설정은 따로 쿠팡이츠에서 가능해야지 쿠팡이 뭔데 이츠까지 자동결제 해버리는지 어이가 없네요. 제대해도 이츠로 결제 안합니다. 업체는 조리중이라고 뜨고 몇분이 지났는데 고객센터에 전화했더니 환불요청하는거냐길래 상도가 아닌거같아서 안한다 했지만 원터치 시스템 하나때문에 가기전에 마지막으로 먹는 한끼식사 다 망쳤네요. 제발 한번더 결제 시스템좀 한번더 확인하게 만드세요."
230,jc k,2,2025-04-05,"와우 회원이면 무료배달 되는 거 + 무료배달 외에도 천 원에서 2,000원 할인된 가게들 볼 수 있다는 점 때문에 쓰고 있는데 와이파이 잘 잡고 있고 5G도 잘 터지는 지역에서 가끔가다 네트워크 연결이 원활하지 않습니다 이 문구 뜨면 너무 빡쳐요. 이게 한 두 번이면 그러려니 하겠는데 오늘까지만 벌써 7번 나왔습니다. 지금도 뜨고 있어서 제 폰 문제인 줄 알고 아버지 폰으로도 해봤는데 똑같습니다. 경쟁사 언급 안 하고 싶지만 배민은 결제 제외하곤 앱 자체적으로 트러블 일으킨 적이 없어서 상당히 실망스럽습니다."
231,이승호,5,2025-05-23,무조건 빨리 배달되눈 곳이네요 배달도착 시간이 실시간으로 변경되요 처음에 x시 15분이었던게 30분으로 변경되고 45분으로 변경되고 40분에 도착하니 5분일찍 도착했다고 알림와요 무조건 빨리 배달되는 최.고.중에 최.고.의.앱이네요.
232,S J,5,2025-07-04,메뉴별로 해당메뉴 주문한 리뷰만 모아볼수 있는 기능 추가해주세요
233,테너맨,5,2025-03-15,정말 편리한 서비스 덕분에 삶의 질이 향상된 기분입니다. 빠른 배송과 다양한 음식 선택지에 감탄할 따름입니다. 덕분에 맛있는 음식을 집에서 편하게 즐길 수 있어서 좋습니다. 앞으로도 자주 이용하게 될 것 같습니다. 항상 좋은 서비스를 제공해 주셔서 진심으로 감사합니다.
234,최유민,1,2025-02-09,쿠팡이츠가 빡치는게 배달 중인 상태고 30분 남는다고 떠있는데 이게 늦을 것 같으면 시간이 조금씩 늘어남 ㅋㅋㅋㅋ 픽업 했고 배달 중 18분 남았다고 떠있었는데 화면 보고 있으면 23분 됐다가 다시 시간 15분으로 줄었는데 22분으로 바뀌어 있고 이런식 ㅋㅋㅋ 어처구니가 없음. 애초에 30분 잡지말고 1시간 걸린다고 잡던가 왜 그러는거임. 개선 좀 해주세요 진짜 짜증나네 한두번도 아니고. 음식점들 20분 30분 걸린다 나와있는거 꼼수치는거고 다 개뻥임.
235,Xandy kim,3,2025-05-08,"알림이 너무 많아요.주문확인,픽업,근처왔음,배달완료,후기. 벌써 몇개야 이게. 알림 카테고리 만들어서 받고싶은 알림만 받아볼수 있으면 좋겠어요. 실행하면 평점창 뜨는것도 예전같이 그냥 없었으면해요"
236,Sylvia P,4,2025-03-01,편리한 선택주문과 빠른 배송👍을 특급칭찬합니다. 수수료때문인지 맛소문 햄버거집이 OUT되어 안타깝습니다. 불편없는 다양한 맛집선택할수 있도록 적정한 수수료를 고민해 주십시요.
237,jaewan bak,1,2025-07-08,fds 오류???를 왜 해결해주지 못하는지 이해가안됨 ++ 짜증나게 왜 탭넘길때마다 광고동의 무작위로 넣어두냐? 이거법적으로 제제못하나 진짜 짜증나게 넘기다가 동의눌러서 취소하러가야하고 진짜 짜증나게 만들었네
238,김선식,5,2025-07-13,빠르고 신속한 배달로 시원하고 맛있는빙수를 먹을수있었네요~^^ 감사합니다~☆☆☆☆☆
239,JungYun Yang,5,2025-06-28,"잘사용중. 직관적이고 편해요. 단지 배달집 고를때도 지도로 볼수있었으면 좋겠는데, 저만 원하겠죠?.."
240,안수정,5,2025-06-29,와우가입으로 쿠폰이 나와서 첨으로 직접 배달앱 사용해봤는데 좋네요 앞으로 자주 이용하게 될까봐 두렵네요 ㅋ
241,박인숙,5,2025-07-03,빠른 배달 해 주셨구요 빵도 맛도 파란라벨 좋아요^^ 맛있는 빧 빵 서비스도 주셨네요 감사합니다 맛있게 먹을게요
242,Song,5,2025-06-23,쿠팡이츠 담장자님께 현재 각 매장마다의 메뉴 아래에 메뉴마다 해당 제품의 리뷰가 몇개씩 달려있는지 적혀있는데 해당 리뷰 숫자를 클릭하면 해당 제품의 리뷰만 따로 모아 볼 수 있도록 해주시면 쿠팡이츠 사용에 더욱 만족할 것 같습니다.
243,JS KIM,5,2025-06-24,쿠팡와우회원이라서 편리하게 잘 쓰고 있어요. 무료배달에 이벤트도 자주해서 좋아요
244,여우별,5,2025-06-29,쿠팡앱을이용중인데여 쿠팡이츠가 있다고해서 써보니까 너무편해여 쿠팡이랑 연동되니 더욱더 편합니다^^ 이용하기도 너무 편안하고 좋습니다
245,박은미,2,2025-06-27,다른 어플보다 쿠폰주면서 저려한듯하지만 음식 가격이 비싸네요 눈속임 와우 멤버시해서 저렴한거 같지만 결코 그렇지않음
246,정영훈,1,2025-06-24,주문서 작성에 들어가서 설정이나 주문을 하려할때 인터널 에러 /오류가 지속적으로 발생합니다
247,김숙,5,2025-06-24,주문이 주소지가 잘못 되어 상담을 했는데 아주 친절하게 처리해 주셔서 너무나 감사합니다. 우리집 쇼핑의 메카~~ 구팡이츠 최고예요.👍👍👍
248,정현숙,5,2025-06-27,주문하기 편하고 메뉴나 검색도 다양해서 좋아요
249,KU K,2,2025-02-19,배달 1분이라도 일찍 도착하면 알림 뜨면서 늦는 건 20분이 되어도 알림 하나 없군요 발생 원인을 짚는 게 아니고 늦었을 때 알림이 없다는 말을 한 건데요 앱 자체의 문제인데 내부 과정에서 문제가 있을 걸로 보고 논의하겠다는 건 남탓이죠 지금도 예정 시각보다 늦어도 알림 없는 점이 고쳐지질 않았네요
250,데이즈,4,2025-02-23,잘쓰고 있음. 근데 매장 직통으로 전화를 못하는 게 아쉬움. 뭐가 빠져서 오거나 잘 못오거나 금액차이 같은거 매장이랑 빨리 해결하고 싶은데 이게 안됨. 그리고 매장 실수로 취소하고 환불 받는 거에 왜 수수료 떼이는지 납득 안감. <-이게 제일 짜증남.
251,S sI,2,2025-02-23,수저 포크 선택하는거 없어졌나요? 선택하는거 자체가 없는데 왜 자동으로 수저포크x되어서 주문되는거죠? 체크란 자체가 없다고요 뭔 개같은 경우입니까 체크하는거 자체가 없는데 그럼 주문영수증에는 아무것도 적혀있질말던가 주문영수증에는 (수저포크x) 라고 표시되면 내가 수저포크를 안받길희망하는게 되어버리잖아요
252,장부훈,5,2025-07-08,처음엔 주문할 곳들이 많이 없어서 사용안했는데 이제는 많은 먹거리들이 있어서 배x요xx 끊고 쿠팡이츠에 정착중이에요.^^
253,날라리,5,2025-07-12,주문확인하고 조리 배달과정을 알수있고 배달 소요시간도 알수있어 앱사용하기 편하고 좋아요
254,운명은 C minor,5,2025-07-14,무료배달에 쿠폰도 잘주고 배달도 빨라요ᆢ음식도 다양해서 정말 좋아요
255,윤종문,5,2025-06-23,회비 대비 콘텐츠 다양하고 무료배송까지 나스닥 상장 이유 있네요.굿~~~
256,신경숙,5,2025-06-03,주문 부터 배달까지 실시간 알림이 오니까 무작정 기다리는 지루함이 없어서 좋습니다 배민만 이용하다 와우가입하고 쿠팡이츠 이용하는데 배달도 무료고 가게들도 많고 두루 만족합니다~
257,최경아,5,2025-05-23,좋긴한데 항상 쿠팡 메인을 통해 들어가야하는 점은 불편해요. 그것 뺴고는 배달 앱 중에서 제일 좋아요.
258,김,5,2025-05-21,잘 쓰고 있습니다. 그런데 검색이나 필터링에 운영시간도 볼수있음 좋겠습니다
259,김김미영,5,2025-05-27,무료배송에 목숨걸고 있네요. 잇츠를 이용하면 기분이 좋아요. 오는 과정도 볼수있어요. 적극 추천합니다.
260,DI Lee,1,2025-05-31,"별 1개도 아까운 곳입니다. 어느 장소에서 무얼 시키든 배달지연은 기본이 되는 곳입니다. 배달지연이면 쿠팡이츠는 배달지연되었으니, 1000원 할인쿠폰 주고 개선하려는 점을 찾을 수 없는 곳입니다. 고객센터는 연결이 안되고, 된다고 해도 돌아오는 답은 기다려주세요 라는 말 뿐인곳입니다. 배달음식이 잘못되면 쿠폰으로 무마하려는 곳입니다. 실질적으로 소비자는 돈으로 구매를 하는데, 왜 돈이 아닌 쿠폰을 주는 거죠? 참 이해를 할 수가 없네"
261,s이은,5,2025-06-11,가격적으로도 배달 시간으로도 쓰기 너무 좋아요~! 가게들 많이 늘려주세요☺️
262,김봉기,5,2025-05-10,모든게 한눈에 볼 수있어 좋네요. 등록 가맹점이 좀 더 다양했으면 하는 아쉬움도 ㅡ
263,이유천,3,2025-06-01,배민에 비해서 불편한게 너무 많음. 추천목록도 맨날 똑같이 시켰던데만 보이고 문 안열은데 보여줘서 새벽엔 시킬수가없음.
264,고은미,5,2025-06-14,편리하게 이용할수 있는 앱이구요~ 할인을받아 더 저렴하게 이용 가능해 좋습니다~^^
265,송민주,5,2025-05-23,최고에요👍 현당 도착결제도 되면 좋겠어요. 더 많은 사람들이 사용할 것 같네요. 법카 사용 어려운 경우 있네요
266,Acelee “Acelee”,5,2025-06-20,무료배달에 포인트적립과 사용으로 저렴하게 맛집과 연결돼있어 너무 편하고 즐겁네요^^
267,안승찬,5,2025-06-01,참신하고 너무 좋은 앱입니다. 회원 등록 후 무료 배달되고 기사님 위치도 확인 가능하고 너무 마음에 듭니다. 착한 회사로 거듭 번창하기 바랍니다.
268,Google 사용자,5,2025-05-17,쿠팡앱으로만 수문하다 배달앱을 통해 주문했는데 다양한 이벤트와 더욱 편리한 주문인터페이스가 있는줄 몰랐어요
269,짱찡가tv,5,2025-05-21,다른 배달 앱보다 가격이 싸고 배달도 빨라요. 배달비도 조금 더 싼 것 같아요.
270,won p (워니),5,2025-05-18,다른 배달어플에 비해서 배달비를 조금 아낄수 있어서 좋네요 무조건 저렵한것은 아니고 타어플보다 저렵한 매장을 찾아야해요 ㅎ 그래도 만족합니다
271,홍철기,1,2025-05-25,배달하는 기사들이 너무 맘에 안 들어요. 대문은 끈뚝 끊어트리고 물건을 직접 받았는데 봉다리 밑에 흙이 잔뜩 묻어 있고
272,이영채,5,2025-06-09,"저렴한 배달비와 총알배송까지~정말Good👍🏻👍🏻👍🏻 배민으로만 그동안 배달시켰어요. 알뜰배달 한집배달 가게배달이란게 생기기 전,후부터 배달비가 부담된거 사실이예요. 저는 와우회원이었지만 이제서야 누리고 있네요🥲 쿠팡이츠~ 만세🙌 와우회원~사랑입니다❤️"
273,ᄏ첼e,5,2025-06-14,할인쿠폰도 많이 뿌려주시고 쿠폰 최저금액이라던지 그런것도 딱히 없는것 같아서 너무 좋아요!! 앞으론 배*의민* 어플보다 더 자주 쓰게 될 것 같아요.
274,홍준용,5,2025-06-21,배달보기도 편하고 무료로 (연동)배달되는 가게도 많아서 정말 좋네요
275,흑우코인,4,2025-06-01,사용자 경험 나쁘지 않음 솔직히 요즘은 배민말고 이거만 쓰내요. 단점은 아직 타업체 대비없는 프렌차이즈가 좀 많습니다.
276,angela하영,5,2025-06-04,아 쿠팡이츠 진짜 답답해요. 아파트인데도 기사님들이 음식을 다른동으로 가져다주시는일은 진짜 10번중에 2번은 꼭 있고 많으면 4번도 있어요. 근데 타업체처럼 기사님과 연락 할 방법도 없어요. 그냥 상담원분들은 OOOO으ㄹ로 확인됩니다. 미안한 마음으로 3000원 쿠폰 드립니다.. 아니 기사님하고 연락이 되면 잘못 왔을 때 바로 전화드리고 정정배달이 빠르게 되잖아요. 오로지 상담원과 소통하는 건 너무 비효율적이에요. 그냥 무작정 기사님 배달하실 거 다 하시고 다시 오셔서 어딘지 모르는 다른동에 문앞에 둔 음식을 가져다주실 때까지 기다려야한다는 게 진짜 답답합니다. 개선 좀 해야할 거 같아요.
277,OOO오빠야,3,2025-06-06,다른 앱과 가격 비교하면 속임수인걸 알수 있음 배송비가 이미 음식 가격에 포함 여러개 사면 오히려 더 비쌀수도 있음 심지어 포장이 없어 할인도 못 받음
278,송미호,5,2025-06-06,주문간편하고 실시간 배달map 보여주어 좋습니다 잘못온 메뉴 as센터에서 바로확인하고 환급쿠폰 및 추가배달쿠폰도 보내주셔서 잘 썻습니다 배달앱은 이곳만 씁니다
279,박주영,3,2025-05-29,1. 상호만 다른 동일업체 좀 지워주셨으면 합니다. 2. 같은지점 내리다보면 또 나와서 너무 헷갈립니다.
280,김02,4,2025-05-11,무료배달에.... 배송시간 다 좋습니다. 예약배달이 있음 하는 아쉬움이 있습니다.
281,min G,5,2025-05-16,주문할려고 할때마다 배달 최소주문금액이 넘 높아 어떻게 주문하란건가 의아했지만 모든 가게가 다 그렇지 않다는걸 오늘 첨 알았습니다 무배해주기 싫어 그렇게 얍삽하게 설정한 가게들은 앞으로 어떤 앱에서든 안시키고 거를려고요
282,게임하는쿠키,5,2025-05-21,사용이 편리해요. 할인쿠폰도 자동으로 적용되서 까먹을일 없이 좋네요.
283,이레,3,2025-06-08,배달 실수가 너무 잦아요.. 몇 번째 실수인지.. 고객센터 응대는 좋습니다.
284,꼬미와나랑이,3,2025-05-13,결제선택할때 타플랫폼처럼 다양하게 선택할수있음 좋겠어요 포인트차감이라던가 이런부분은 아예안되더군요
285,김강식,3,2025-05-30,사용하기 편리합니다. 다만 배송시간이 점점 늘어난다는 점......
286,윤선영,5,2025-05-27,급할때 쉽게 이용할수 있고 배달○○보담 더 신뢰가 가는 편이라 꼭 쿠팡잇츠를 항상 이용합니다
287,이종순,5,2025-05-23,이용하기 편하고 빠른배달로 늘 믿음이 갑니다 생활 가까이 있어 자주 하게 되네요
288,곽병민,5,2025-06-14,양념통닭도 양념이 맛있고 고기도 부드러워요^^ 후라이드는 바삭하니 양념에 찍어 먹으니 더 맛낫어요 배달두 빠르고 시킬때마다 만족합니다^^
289,Jin roy,2,2025-05-23,메뉴마다 직접 매장 가서 사는거랑 많게는 몇천원 가격 차이가 있어서 여러 메뉴 구입시 배달비 이상으로 더 돈 내는셈이네요..
290,소울팬,5,2025-05-14,다양한 음식들을 쉽고 편하게 주문할수 있어서 쿠팡이츠를 자주 애용합니다
291,김선미,5,2025-06-09,무료로 받을수있는 장점~~ 언제 받을수있는지 시간도 알려주고 배달현황 까지 실시간 볼수있어 좋아요~~^^
292,나나나라라라,3,2025-05-29,"쿠페이머니 충전 만원 단위로 바꿔야 하며, 쿠팡 캐시는 자동으로 항상 최대 값 사용되게 해야합니다. 네이버페이 참고해 보세요."
293,권오일,4,2025-05-18,어떤 매장은 원래가격보다 비싸네요 무료배달이라하고 음식 가격을 비싸게 파는 매장이 있네요
294,갈비맛초코,5,2025-06-09,다양한 음식점과 배달 정보를 확인할 수 있어서 좋아요! 배송도 빠르고 따뜻해요!
295,힐링,5,2025-05-31,아직 가맹점은 많이 없지만 콜센터 응대도 좋고 고객입장에서는 너무 편하네요
296,이장면,5,2025-05-24,최소금액이 너무 비싸게 책정되서 불필요한 지출을 유도하는꺼 같아여 금액을 조금만 낮쳐줘도 지금보다 자주 이용 할수 있을듯하네요
297,s b,1,2025-06-10,지도상 문 위치 확인 후 길안내 하고 자동 방향 전환 좀 추가 해라. 배달단가 후려쳐 배만 쳐 불리냐.
298,조미애,5,2025-05-28,메뉴도 풍부하고 골라먹는 재미도있고. 배달은 로켓배송! 배달기사님도 친절하셔서 매우만족해요
299,Violet Factory,5,2025-05-16,"빠르고 배달 수수료도 저렴해서 너무 좋아요, 기존 배달어플 쓰다가 쿠팡이츠 몇번 써보고 아예 갈아탔습니다♡"
300,WOLF ROBOT,5,2025-06-11,"UX, UI, 편의성 모두 최고의 배달앱. 다만 네이버페이 도 결제되게 해주세요"
301,Andrew Yang,1,2025-05-24,네비 좀 개선해요. 무슨 다리에서 뛰어내려서 배달할까요?? 벽을 뚫어서 배달할까요?? 말 같지도 않은 안내를 합니까!!!
302,노정희,5,2025-06-15,집에서 완전 편안하고 신속한 배달로 맛있는 음식을 먹을수 있어서 늘 감사하게 생각합니다~~
303,dongany @gmail.com Y00498972,5,2025-05-25,배달이 정말빠르고 주문부터 배달까지 모든과정을 한 눈에 확인할 수 있어서 너무 편해요
304,ᄒᄒ복잡한거 싫은데,5,2025-05-28,굳~ 다른앱보다 싸고 빠른 배달~ 쿠폰이벤트가 아쉽지만...전체적으로 굳~~~
305,이수화,5,2025-05-15,할인도 많이 해주고 친절하고 빠른배송 추천합니다.
306,봄봄고고,5,2025-06-14,"다른 배달앱을 이용하지 않고 쿠팡이츠가 처음인데 무료배달도 좋고 정확,신속 맘에 들어요~~"
307,윤정주,5,2025-02-08,다방면으로 실용성을 갖춘 앱 이네요.생활용품.가게용품 뭐하나 빠지는 품목이 없네요 주문하면 바로오고 찾는것도 다 한번에 해결이 되서. 너무좋습니다.
308,이소정,5,2025-03-22,디자인이 깔끔해서 쓰기 편해요.쿠팡플레이 보면서 필요한 건 쿠팡에서 또 주문하고 배고프면 이츠에서 시켜먹고 돈이 좀 들긴 해도.. 세상이 이렇게 좋아지다니ㅠ 아 근데 주소 입력시 다 입력 안 해도 등록이 되는 등 이런 건 수정 해야 할 거 같아요.고객 입장에선 등록이 다 되니 본인이 주소를 다 적었다고 착각하게 되니까요.아무튼 쿠팡이츠 써 보면 나가기 귀찮거나 할 때 정말 좋습니다.
309,두울리,3,2025-03-11,배달비.무료맞음?? 와우 회원인데 배달비가 똑같이 적용 하는데 매장에서 배달비.책정하면 배달비 무료가 아닌거 같네요. 아니그리고 같은 가게인데. 배민보다 왜? 쿠팡 메뉴 가격이 2~3천원이나 더 비싸죠이건 머하자는건가요. 가격같은건 업소에 걍 맡기는건가요.. 시스템이
310,그린곰,4,2025-03-06,전체적으로 너무 좋은데 월회비는 비싸지고 가게 수가 타 업체에 비해서 적어서 쿠팡이츠를 계속 쓸지 고민됨.. 마지막에 결제할 때 배달인지 포장주문인지 한번 더 상기시켜주는 점이 좋았음. 배달 기사가 실 수 해서 안가져다주면 가게측에서 기사와 연락이 닿지 않아 고객으로서 뭐 어쩌라는 건지 모르겠음.
311,E Lee,5,2025-04-03,남아공 핸드폰이라 설마했는데 어플만 깔면 아프리카에서도 한국에 있는 아이들에게 원하는 음식을 바로 배달시켜 줄 수 있어서 너무 좋아요. 일년에 몇 달씩 나와있어야 하는데 이렇게라도 아이들에게 음식 배달을 바로 해 줄 수 있으니 너무 감사할 따름입니다.
312,Serendipper,1,2025-04-04,"네트워크 연결이 원할하지 않답니다 250402 --------------------------------------- 고객센터에 전화해서 문의하니 와이파이 문제아니면 전원을 재부팅하라해서 와이파이를 꺼도 재부팅을해도 같은 문제가 발생합니다 오류문구를 적어드릴께요 ""네트워크 연결이 원할하지 않습니다 연결 상태를 확인하거나 잠시후 다시 시도해 주세요"" 이런 내용입니다 앱을 재설치해도 같은 문제가 발생되며 다른 앱도 이런다면 제 전화기가 문제라고 생각되지만 쿠팡이츠 어플만 이런 오류가 생기네요 쿠팡앱안의 쿠팡이츠로 시켜야하는 불편함이있습니다 해결 부탁드립니다"
313,류진주,5,2025-04-16,지역마다 매장 차이가 크긴한데 일단 대구에서는 배민에도 없는 영업장이 꽤나 있어서 저는 배민보다 쿠팡잇츠를 더 많이 이용하고 있습니다. 쿠폰도 매일 다르게 계속해서 뿌리니깐 메뉴 고민할 필요도 없이 할인되는거 위주로 시켜먹고 자주 주문하거나 최근에 본 매장도 쉽게 보여줘서 너무 좋아요 그리고 음식이 어디까지 왔는지 확인할 수 있어서 좋습니다 아직까지 단점을 찾지 못한게 단점이라고 할 수 있겠네요
314,육영미,5,2025-02-28,일단 무료배달이 있고 다른 어플에 없을때 있는 경우도 있어서 좋습니다! 근데 한번씩 한정판 메뉴가 잘 안뜰 때가 있어서 업데이트 부탁드립니다!
315,황희정,5,2025-04-16,배달비무료라 편해요. 근데 매장가격보다 조금씩 가격을 더받는곳도있어서ㅜㅜ 기분은 썩~~좋진않지만..그냥 배달비구나 생각합니다.;; 급할때 집에서 편하게 받는게 어딘가요.편한세상~👍
316,양은희,3,2025-02-28,와우회원 자동정기결제 정지 수단이 있었으면 합니다 쿠팡말고도 자동이체로 해 놓은 게 있는데 쿠팡에서 자동정기결제 될까봐 계좌를 삭제했어요 나중에 사용할려면 재등록해야 되는 불편이 있어요 그러지말고 와우회원 자동정기결제를 회원 본인이 정지했다가 푸는 시스템이 있으면 좋을 거 같아요 적은 금액도 아닌데 정기결제시스템이 개선되었으면 합니다
317,J J,1,2025-04-01,만원짜리 첫주문 쿠폰이 있는데 8900원짜리 밥 먹으려고 포장으로 주문하니 사라지네요..그럴꺼면 첫주문에 자동으로 적용되게 하던가 추천에 5천원짜리 투폰이 아니라 만원짜리로 적용되게 해서 나와야 하는거 아닌가요? 이해가 안됩니다.
318,하루,4,2025-02-25,주문창에서 공동현관비밀번호 입력하는 창이 없어서 너무 불편합니다. 주문 후에 배달요청사항 변경하기도 추가되었으면 좋겠습니다. 가게에서 주문을 받으면 변경할수없는게 불편합니다.
319,마리맘,5,2025-02-28,"사용하기편해요. 메뉴보기, 리뷰, 거리랑 계산하기 등 모두 편리한 것 같음. 주문취소가 바로 안되는 건 좀 불편!!"
320,7중3333번,5,2025-02-26,쿠팡 패밀리로 아주 오래전부터 이용해 오고 있다. 아주 훌륭한 먹거리 어플이다! 타 배달앱 쓰시는 분들께 진로변경 하시라는 의미로 우선적으로 추천 해본다! 아주~ 믿음직스럽고 대견스럽기 까지하다. 할인에 할인을 거듭! 착해도 너무 착하다! 강추한다!!
321,김연아,5,2025-02-13,잘 쓰고 있습니다 근데 가게랑 직접 통화가 안되는게 넘 답답해요 빠진 품목 있을때 통화로 빨리 헤결 할 수 있는데 고객센터 통해서 해결해야 하니 짜증나요 배민이나 지도앱 에서 번호 찾아서 할때도 있지만 못찾을 때도 있어서 종종 답답해요 고객센터는 전적으로 고객 입장을 생각 해주고 처리를 빨리 해줘서 아주 좋아요
322,eee K,1,2025-04-11,도착예정시간이 처음 설정됬던 시간보다 늘어나면 알림으로 좀 알려 줬으면 좋겠어요. 20분에 도착한대서 그 시간 쯤 되서 확인해보면 소리소문없이 33분으로 늘어나있고 계속 알려주지도 않고 시간이 늘어나니 무심코 확인할 때 마다 기분 나빠요.
323,Mong,1,2025-04-20,"최근 주문 후 관련해서 문제가 생겨 조리 중에 고객센터 연결했는데 계속 관련 없는 말만 반복하며 시간을 끌다가 주문 변경 못하게됨. --- 잘 쓰고있었는데 요즘 치타 배달이 치타가 아니게 되고, 기사가 잘 안 잡혀서 음식이 나온 후에도 출발을 못하는 경우가 많습니다(개인 경험 5회 이상). 그리고 특히 중화요리 계열 식당들에서 배달주문했을 때 이상하게 경로 돌아오면서 늦는 경우가 많네요. 일례로 교통상황 반영한 지도 앱으로 7분거리를 20분을 넘겨서 오십니다. 평소에 메뉴를 정해놓고 가게마다 리뷰를 보면서 가게를 고르는 타입인데 위와 같은 맥락의 리뷰가 많아요. 다른 계열 식당에서는 상대적으로 적은데 말이죠. 쿠팡이 좋아서 가격비교 없이 믿고 쿠팡이츠도 따라왔는데 슬슬 재평가해볼 구간인가보네요. ㅡ 이제 쿠팡이츠도 조작 시작하나보네요.. 500건 리뷰중에 30건이 1점이나 2점인데 총점 4.9가 가능합니까? 사용자가 바보도 아니고 단순 계산으로 불가능한 통계는 정말 아니죠..."
324,띠로리,1,2025-02-18,주문할때마다 배정도 늦어지고 배달기사도 늦는데다가 근처배달까지 하고 음식픽업후 이추운날씨에 20분이상씩 걸리니 음식이 따뜻할리가 있나요?매달 수수료는 챙기고 가게들도 배달음식값은 매장보다 건당 비싸서 결국 배달비 다 주고 먹는건데 제때 배달이라도 되야죠 고객센터 전화하면 개선 한다는 말만 앵무새처럼 반복하고 개선되는게 하나 없네요
325,라이누,3,2025-04-06,다 좋은데 리뷰를 볼때 전체리뷰만 볼게 아니라 보고싶은 메뉴의 리뷰를 볼 수 있게 그 메뉴를 눌렀을때 배민처럼 따로 볼 수 있는 기능 추가하시는게 어떨런지 이건 왜 없는지 모르겠음. 이것도 저작권이 있는건가?? 먹고싶은 메뉴의 리뷰를 보고싶은데 전체리뷰에서 언제 찾고 있음
326,예삐짱,5,2025-02-23,잘 쓰고 있어요~ 메뉴 개별 리뷰 볼 수 있게 해주면 더 좋을 것 같아요. 먹고 싶은 메뉴의 후기만 보고 싶은데 그게 없으니 아쉬워요. 쿠팡이츠 배달 빠르고 고객 응대 잘해주셔서 좋아요!
327,조명진,5,2025-03-01,메뉴 선택에 있어 고민할 필요가 없어 좋아요~무료배달도 너무좋구요 ~~혼자서두 가족모임까지 모든 메뉴를 선택할수있어 좋아요
328,선모,3,2025-02-13,쿠플가입하면 무료배달에 쿠팡포인트도 적립되고 좋긴한데 가게가 광고 서비스를 이용하게 되면 사용자 입장에서 맨 위에 뜨게 되면서 아무 생각없이 시켰다간 가까이 있는 가게가 아닌 엄청 멀리 있는 가게에서 배달 되는 경우가 있으니 주의하세요
329,임신우,3,2025-07-14,음식의 거의 도착했습니다. < 이런 알림 안 받을 수 있게 할 수 없나요? 설정에라도 좀 추가해주세요... 전 음식이 '왔을 때' 알림을 받고 싶어요
330,Yuri (독자),3,2025-02-20,"배달이 무료라서 좋지만 대신 음식비용 제한이하 구매 안 된다는 점이 제일 아쉽긴 해요, 하긴, 배달이 무료라면 웬만한 사람들(여유있는 가계)은 다 시켜는 먹을거에요, 좀 빡빡하게 사는 사람들은 배민이 좀 더 좋을거구요, 이상입니다,^^"
331,ᄋᄋᄋ,1,2025-04-19,ui가 너무너무 가독성이 떨어져요 추천순으로 냅두면 자꾸 보고있던 카테고리랑은 상관도 없는 종류 같이 나오고; 한식류 보는데 파스타 왜 튀어나오는데요... 그리고 리뷰도 메뉴별로 리뷰 못보는거 열받아요 매번 배민으로 메뉴 보고 쿠팡이츠로 주문하는데 와중에 요즘은 또 배민이랑 이츠랑 메뉴가격구성 다르게 한 점포들이 많더라구요?? 번거롭고 빡쳐요...
332,박진우,3,2025-02-26,쿠팡이츠에 필터 기능 좀 보완 해주세요. 최소주문 12000원 걸어놓고 메뉴는 다 20000원 이면 이게 무슨 필터입니까? 이런 음식점이나 평 안좋은 음식점들 노출도 안되도록 필터 기능 추가해주세요~ 괜히 스크롤하거나 상세화면 들어가서 보는 시간과 수고 좀 덜어냅시다.
333,SUNG CHEUL KIM,5,2025-07-14,쿠팡 와우회원에게 주는 다양한 혜택과 주문과정이 편하고 신뢰할 수 있어 좋아요.
334,제대로,5,2025-02-11,국수를 진짜 좋아하는데 명품잔치국수는 처음 주문해보네요. 일단 양이 푸짐해서 놀랐구요. 국물맛에 한번더 놀랐네요 모처럼 맛나게 흡족하게 먹었습니다. 자주 이용할것 같아요. 사장님 한결같이 변함없는맛 부탁드려요 감사합니다.
335,공수무,5,2025-07-08,빠른배달도 좋구요 음식 시킬때 정리가 잘되있어서 편합니다
336,몌진,2,2025-07-13,잘쓰고있는데 리뷰가 안뜨는버그가 있어요....새로고침을해도 껐다켜도 상황이 그대로에요
337,윤광석,5,2025-07-03,필요할때 너무 잘 사용하고 편리하고 배달혜택도 좋네요~~~
338,윤정택,5,2025-07-03,주문배송 추적 및 상황이 연계되어 기다리는라 불안하지 않아 좋습니다
339,김민,5,2025-07-21,아이들이 너무 맛있다고 합니다. 그래서 재주문했습니다. 너무 맛있어요
340,술빠진하이볼,1,2025-07-12,상호 차단 기능 만들어주세요. 가게 이름만 바꿔서 더럽게 장사하는 인간들 차단할 수 있도록 차단 기능 만들어주세요. 차단기능 만들어 지는 날 별점 바꾸겠습니다.
341,함인석,5,2025-07-06,시간도 빠르고 양도 적당하고 아주 맛있게 잘 먹었습니다~~~
342,Suyeon Chung,5,2025-07-13,"배송비 없고, 빠르고, 진행상황을 바로 볼 수 있습니다."
343,이영섭,5,2025-07-14,사용편리한 UI 빠른배송 잘쓰고 있습니다
344,자연,5,2025-07-19,가성비 짱 최고의 맛집들 모두 한번에 간편하게...온리 100% 이용.. 이제 일상이 되었어요🍀
345,슈슉쑥시벨러마,5,2025-07-07,참 좋킨한데 진짜 큰 단점이 지도임.. 타앱은 확대하면 근처 상점도 보이고 지도가 깨지지도않고 젤중요한 입구표시가 뜨는데 쿠팡은 걍 쌩 지도만있음... 아쉬움 ㅜㅜ
346,김영순,5,2025-07-09,타 배달앱보다 저렴한 가격으로 이용해서 아주 만족합니다
347,현승,5,2025-07-19,이용이 편하고 어려운점 없습니다 문의사항 늦은 시간에도 고객센터 문의 가능합니다
348,sunghee shin,5,2025-07-01,ㅂㅁ보다 전 쿠팡이츠를 시킵니다 배달비도아끼고 처음보다 매장도 많아져서 더더욱 좋은 앱이라 생각합니다. 쿠팡와우.쿠팡플레이 쿠팡이츠 최고예요
349,보타쿠,5,2025-02-17,쿠팡이츠는 가장 정확합니다. 사용이 간편하고 사용자의 편의성에 최대 집중을 했으며 특히 배달 시간은 어느 다른 앱보다 정확합니다
350,박정혁,5,2025-07-05,주문할때마다 친구추천하라고 메시지뜨는것만 제외하고 다 괜찮아요
351,Dhdjsjzjjxj 1.,3,2025-07-06,아쉰거는 가게 몇개들이 배달이 공찌인 대신 다른 어플에 비해 음식 가격이 1~2천원 높음
352,ᆞ내말이,5,2025-07-13,쉽게 잘 설명되어 쓰기편해요. 설치도 빠르네요
353,ddolco pak,5,2025-07-05,처음에는 점포수가 작아서 불편했는데 점점 가맹점수가 늘어서 타사보다 좋아요😍
354,김창용,5,2025-05-01,감사합니다! 진행되는걸 한 눈으로 볼수 있어 좋고요 ^^ 물론 짧은 시간이지만 언제쯤 도착하려나 기다리지 않아도 되고.. 배달이 운행되는걸 실시간으로 지도안에서 볼수있어 좋더군요 ~
355,이재영,1,2025-04-19,음식점이랑 집이 거리가 멀면 배달뺑뺑이에서 항상 가장 마지막에 음식이 옵니다. 뜨끈한 음식을 시키면 음식 제조는 20분만에 끝나고 배달을 30분동안 기다리게 되는군요. 여기는 무려 판교인데...
356,한수진,4,2025-07-12,전부다좋아요!근데 음식실수일때연결안해주고무조건환불은싫어요회피하는느낌ㅠㅠ
357,안명균,5,2025-07-20,배달올때 지도보는 재미가 있어요. 눈을 땔수가 없음
358,진성훈,5,2025-07-13,배달주문도 픽업주문도 시간이랑 거리 딱보여서 좋구요 편의성이 좋네요
359,홍은실,5,2025-07-13,배달료가 하루에 한번씩 무료라 좋은것 같아요 배달라이더분들도 친절하시구요
360,고미정,5,2025-06-19,이용하기 편하고 라이더의 동선을 실시간 확인할 수 있어 좋아요 배달 도착 바로전 알림도 유용합니다
361,탕꽁,1,2025-04-05,갑자기 네트워크 연결이 원활하지 않다고 뜨는데 와이파이 말고 데이터 켜봐도 똑같네요. 다른 앱들은 멀쩡한데 쿠팡이츠만 이렇게 뜹니다.
362,문경록,5,2025-04-09,다양한쿠폰추천으로 싸게 먹을수있는맛집이 많아서 좋았습니다.앱사용도 줄곧 여기만 쓰고있지만 별다른불편없이 잘쓰고 있습니다.전 강추
363,최대기,5,2025-05-25,이곳 저곳 다니면서 너무 편리하게 사용할 수 있어서 여행에도 많은 도움이 됩니다.
364,김지영,5,2025-07-04,편리하고 간편하고 쿠폰도 주고 배달도 빨라 이용하기좋네요
365,주인행복한날의,5,2025-06-21,주문도 편하고 배달 현황 보이는데 정확하고 알림도 적절한 타이밍에 보내줌
366,홍홍홍,5,2025-05-25,할인도 많이되고 좋아요~~ 사용할 수 있는 지역이 더 많아졌으면 좋겠어요~~
367,아이러니,3,2025-03-05,앱을 자주 사용 하긴 합니다. 편해서 좋기도 하고 무료배달이라 자주 사용하는데 근데 쿠팡이츠가 무료배달이긴하지만 다른앱하고 비교하면 음식가격을 더 받는곳도 있어요.. 그럼 무료라고 느낄수가 없구요..
368,ᄋᄋ,1,2025-04-05,업데이트 후 네트워크 연결이 원할하지 않다고 떠서 사용이 불가능해요. 당연 그냥 쿠팡이나 배민은 잘 돼요. 고쳐질 때까진 배민 써야겠네요. +재설치해도 마찬가지에요.
369,Days Happy,5,2025-06-18,앱은 좋음. 이츠 시스템은 별로임. 자동차는 한집 배달하면 안됨.
370,이체리,5,2025-02-13,예상시간 기가막히게 잘 지킴 신기해요 정말 오차없구 라이더님 픽업하고 오시는 과정까지 볼 수 있어서 더 안심됩니다. 저는 배달 자주 시키지는 않아서 와우는 안하고 그냥 배달비 내고 먹지만 자주 시켜드시면 배*보다 나을것 같아요
371,조기영,4,2025-06-28,여긴 다른앱 사용시 앱사용 이외에 추가 배달비 있는데 쿠팡은 없네요 근데 가맹점이좀 적어요
372,박진하 (굳널스),5,2025-07-03,무조건 배민에서만 시켜먹었는데 쿠팡이츠 한번 사용하고 배달 속도에 매번 놀라 배민 어플 지웠습니다.
373,Jaehoo Ahn,5,2025-06-02,다른 어플은 항상 뭔가 부족해서 사용 안하는데 쿠팡 이츠은는사용 편하고 좋습니다
374,최로키,5,2025-07-09,할인쿠폰도 많이주고 배달도 빠르고 좋네용
375,주린이의하루일기,3,2025-03-06,"최근들어 배달이 계속 한시간씩 걸리네요 라이더수급이 안되나요? ㅠㅠ 기존에는 배송이 빨라서 좋았는데 계속 한시간씩 걸리니까 좀별로네요 아 그리고 쿠폰 뭐 최대 10000원 12000원 이런거 이벤트 있어서 클릭해보면 가장 싼 쿠폰만 주는데요, 왜그러죠? 몇달전부터 계속참여했는데 단 한번도 좋은쿠폰을 받아본적이 없어요 이럴거면 차라리 안하는게 낫지않나요. 기분만 상해요 조작같고"
376,희준정,5,2025-07-09,배달 문제시 대응이 너무좋음! 쿠팡이츠 이시o님 감사합니다 직원분의 대응 덕분에 저는 맛있는 음식은 받지 못했지만 무한 감동을 받았습니다
377,전인숙,4,2025-03-24,한집배송인데 오토바이가 꽉꽉 눌러서 국밥그릇이 찌그러져서 종종 새서왔어요 한집배송시 자동차쿠팡을 선호하는경우 체크해서 주문자가 안심하고 받을수있게해주세요 종종 이렇게 오면 기분나쁘고 제품의 질도 떨어지고 다음부터는반품시킬수밖에없어요
378,꼬미쁘미,5,2025-04-25,"다 좋은데 리뷰 보는게 좀 번거롭네요, 메뉴상세페이지에서 리뷰 누르면 그 메뉴에 대한 리뷰가 나오면 좋겠어요. 꼭 가게 메인화면에서 리뷰를 눌러야지 확인할수 있는게 불편하더라구요 가게들이 더 많아지면 더 많이 애용할것 같아요!"
379,김용준,4,2025-05-04,와우회원 유지 조건이기도 한 쿠팡이츠 인데요...제가 사는 지방에는 가맹점 수가 너무 적습니다. 타사앱과 비교도 안 될정도로요. 와우서비스는 정말 많은 사람들이 이용하고 있는 서비스 입니다.조금 더 공격적으로 가맹점을 확보해야할 필요가 있어요. 가맹점입장에서 배민은 선택하고 쿠팡은 선택 안 하는 이유가 뭘까요?조금 기다리면 나아지겠지 한게 벌써 만으로 2년째 입니다. ㅠ
380,김형주,5,2025-06-11,배민보다 더 좋아요 다만 아쉬운건 메뉴에서 리뷰를 클릭할수 없어요 무조건 전체 리뷰만 읽을수 있는데 이거 진짜 별루입니다
381,Jane,3,2025-04-10,결제 방식이 좀 다양하게 지원되었으면 좋겠어요 잘 안쓰는것만 있어요 타인이 대신 결제해주는 기능도 있었으면 합니다. 그 기능이 없어서 단체주문때 다른앱써요
382,박혜경,5,2025-07-03,빠르고 정확하고 안전한 쿠팡이츠여서 믿을만했어요😊.
383,홍재호,5,2025-03-26,아주 만족합니다. 특히 주문한 음식이 누락 됐을때 대처가 신속하고 빠르게 보상되어 아주 만족했습니다.
384,stone9's private stone9,5,2025-03-15,"최고입니다. 시골이라 예전엔 지원하는 가게가 없어서 잘 사용을 안했었는데, 우연한 기회로 어플 설치해서 사용해보니 너무 좋습니다. 이제 배달의 민족은 안쓰게되네요. 쿠팡잇츠로 갈아탈 생각입니다."
385,리초이,5,2025-03-14,모든면에서 만족스럽게 잘 사용중 입니다. 업소별 정보도 자세하고 주문.결제.배달. 모두 좋습니다.
386,이주성,1,2025-05-21,"앱자체는 좋은데... 허위 과장광고가 너무귀찮음 예를들면 최대금액쿠폰 - 장기 미사용자만 최대 , 미사용 쿠폰 사라졌으나 해당쿠폰 광고앱푸시"
387,IM투덜,5,2025-05-31,사용하기 편하고 쿠팡계정과 연결해서 결제도 새삼 신경안써도 되서 전 너무 좋은것같네요~~
388,신동원,4,2025-02-28,가끔 시켜먹는 사람이라 그런진 모르겠는데 쿠팡와우 무료배달은 좋아 보이는데 막상 시켜보면 최종금액 비교해보면 다른 배달 어플과 비슷한 느낌이리 큰메리트는 모르겠네요 무료배달도 제가 시켜먹을려는 매장은 혜택없는 경우도 왕왕 있고 옛날에는 한집배달하면 빠른 느낌이였는데 요즘 시켜보면 그것도 가게 문제인지 배달 기사 문제인지 쿠팡이츠 문제인지 그냥 저냥인 느낌이고...
389,최경진,5,2025-07-18,사진찍을시간도 없이 아들이 후다닥 먹어치운 복숭아빙수~ 넘넘 맛있다고 또 시켜달라네요~ 참고로 배달도 엄청 빨라서 더 맛있게 잘 먹었습니다~^^
390,신재분,1,2025-07-19,이용가능한 지역이 아닙니다 라고 뜨네요~~~이용도 못하는 문자 보내지 마세요~~~
391,김송이,5,2025-03-24,쿠팡 배달 정말 좋지만 이런건 바꿔주세요. 할인쿠폰 받아서 주문한 금액을 (할인 쿠폰 얼마. 총 할인 받은 결제금액) 금액영수증에 다 보이게 나오는데 소비자는 저렴하게 시켜 좋지만 사장님들이 그걸보면 상심하실것 같아 미안해집니다. 보여도 주문자만 앱으로 볼 수 있게 해놔야지 주문한 배달가게 영수증에 다 보이게 뽑아져 나오니 할인 받아 적은 금액으로 시킨 영수증 보면서 진짜 일 할 맛 안나겠다고 소비자인 제가 창피해서 시키기 미안할때가 많습니다.. 와우회원으로 정말 잘 이용하고 있는데 제발 영수증에 할인 받은 금액 다 나오지 말고 음식의 원 금액만 적히고 할인 받은 내역은 소비자만 볼 수 있게좀 바꿔주세요;;
392,뀨뀨꺄꺄응꺆,5,2025-05-05,"리뷰를 보실지는 모르겠지만 있으면 좋겠다싶은, 요청사항이 있어 남깁니다. 편의사항으로 요청사항을 따로 저장하거나 지난 요청사항을 볼 수 있게, 또는 그걸 복사+붙여넣기 할 수 있게 하면 좋겠습니다"
393,김학수,4,2025-02-17,웹 사용 시 가까운 거리순으로 했으면 합니다. 식당이 너무 먼 관계로. 나이 든 사람들은 가까운 데로 착각하고. 무심코 시키다 보니. 어쩔 땐 너무 식당이 멉니다.
394,윤프리지아,5,2025-07-19,메뉴 찾기와 와우회원 할인쿠폰이 있고 배달이 쉬워요
395,ㅕㅑㅐ,1,2025-05-04,무료배달 좋은데 한번에 3~4집 배달하고 가까운거리면 이해하지만 음식 다 식어 빠지도록 배달하고 심지어 가격도 배민보다 비싸게 받고 이러면 의미가 있나요?
396,박샤이니희,5,2025-06-26,배달 오류 난것 취소도 빠르게 해결되고 배달 오는게 확실히 보이고 오파도 없어서 좋음
397,이미연,5,2025-06-28,한집배달로 음식이 식기전에 빠르게 배달되니 맛있게 잘먹고 있습니다
398,루시퍼,5,2025-06-28,지연되면 쿠폰도 주고 상담도 너무 잘해주시고 다른 배달 어플은 쓰지도 않게 됩니다 감사합니다 항상
399,샤넬향기그리며,5,2025-06-27,배달도 빠르고 위치 정보도 한눈에 볼수잇어 편하고 좋아요
400,이시현,5,2025-06-26,배달시간은 졸 걸려도 무료배달이라는 잇점이 있지만 좋습니다.
401,김규리,5,2025-02-11,"무료배달이라 좋다. 기존 배달앱 정기적으로 월비 내고 있는거 비해서 멤버쉽혜택이 별루없어 아쉬웠었는데, 여긴 지금 무료배달로 부담을 덜어줘서 한번 이용한후로 자주찾게된다. 이제 슬슬 기존배달 월사용료 나가는 멤버쉽은 탈퇴해얄것같다"
402,임진호,5,2025-06-23,배달비 거의 무료라 좋구 사용하기 편리해서 좋습니다.
403,전윤진,3,2025-06-28,다 좋은데 배달이 맘에 안들어요 벨도 안누르고 가고 무슨 어플 쳐보면서 기다리는줄 아는지 면요리 시키면 더 그럼 그런 배달들좀 일 못하게 하던지 해야지 심보가 못된것들이 많음
404,장꼬순,5,2025-06-23,배달비무료라서 너무좋아요. 배달의민족어플지우고 여기서만시켜믹어요 요새배달비가너무비싸요
405,no쑤,5,2025-06-28,배민보다 할인도 많이되고 배달 기사님도 친절해서 좋습니다.
406,이하정,5,2025-06-25,너무좋아요~지역이 다른 아들딸과도 함께 사용하고있으니 편하네요
407,냥냉뇽,3,2025-06-23,가게 포장기능도 있으면 좋겠습니다 와우카드 회원이라 애용하고 있는데 포장을 할 수가 없네요
408,송하나,3,2025-06-28,다좋은데 배민처럼 24시로 했으면 좋했어요~ 진짜 배민 사용하기싫어요··· 쿠팡에서만 주문하고싶어요~
409,행복한 부자,2,2025-03-31,쿠팡을 자주 이용하여서 이 쿠팡이츠앱을 알게 되었습니다. 그러나 쿠팡이츠앱의 의도와는 다르게 자영업자들이 이걸 악용한다는 느낌을 많이 받았습니다. 쿠팡이츠에선 분명 무료배달이고 했는데 막상 음식점들 클릭하면 얼마이상 주문해야 무료배달되고 할인쿠폰도 얼마 이상 주문했을 때만 적용이 됩니다. 그럼 오히려 돈을 더 많이 쓰게 됩니다. 양은 적어졌는데 돈은 두배 세배로 받습니다. 이런 부분에 대해서도 조사를 철저히 해주셨으면 좋겠고 악용하는 자영업자들이 많아서 쿠팡이츠가 욕먹지 않았으면 좋겠네요.
410,김진호,2,2025-02-20,무료배달이라 좋긴하지만 쿠폰뿌리는 면에선 배민보다 안좋아요. 쿠폰최고금액은 비슷하지만 처음에만 비싼거주고 후에는 최저쿠폰만 나오는게 차이가 있네요.
411,최만선,4,2025-06-28,활인가격 으로 .구매하면 . 실가격으로. 결제되는이유.? 할인가격으로. 유도하고. 구매하면. 세관부호유도하는이유? 구매는. 안되고 .계속. 광고유도함.
412,김용한,1,2025-06-14,편하긴한데 음식 가격이 다른앱보다 비쌈... 비교들 한번 해보시길 ...
413,이승희,5,2025-06-08,원하는 음식을 집에서 편안하게 주문하고 먹을수 있어서 좋아요 23개월 손자가 있어서 식당에 가면 힘들거든요~
414,김태현,1,2025-05-18,주문 후 상황 확인하려고 보니깐 과거 주문 내역이 먼저 떠서 주문 취소 된 줄 알고 이중 주문하는 실수를 하게됨.
415,베베블럭,5,2025-05-16,배달료 없어서 좋구요 ㅎㅎ 음식픽업후 라이더가 실시간으로 움직이는게 보여서 신기하고 좋네요
416,서정미,5,2025-05-18,자주는 아니지만 가끔이용하는데 너무 편리하고 무료라서 굿!!입니다
417,무작정여친,5,2025-05-29,리뷰를 30일까지 올릴수있다는게 촉박하지 않고 좋네요 ㅎㅎ 배달이 어디오는지 뭐하는지 상세히알려주는 부분도 좋아요.
418,정호기,5,2025-06-21,신속하고 정확히 잘 배달 되어 고맙습니다 음식 맛나게 잘먹었어요 감사 합니다
419,김성민 (SUN),5,2025-05-26,삐르고 좋아요. 배송 위치까지 한눈에.. 무료 배달은 덤입니다.
420,장준우,5,2025-06-11,주문하기 편하고 쿠폰도 자주줘서 놀러갈때나 야식을 먹고싶을때 자주 이용합니당
421,이정진,5,2025-05-26,다른 앱보다 보기편하고 위치파악도 잘되서 좋아요 쿠폰도 통크게 주시니 다좋아요
422,최은미,5,2025-05-21,무료배달에 한번씩 할인도 받고 정말 혜택이 많아서 좋은것 같아요
423,신민정,5,2025-05-26,"배달도 빠르고, 문제 발생 시 해결도 빨라서 만족합니다."
424,심성진,5,2025-06-02,일단 직접경험하고 혼밥도 가능합니다 메뉴의다양성및 조리중이나 이동중을 다알려줌
425,옥민우,5,2025-06-01,"배달 주문 편리하고, 할인 쿠폰 서비스도 너무 만족스럽고 좋아요!"
426,임성묵 (춘희),5,2025-05-25,이전보다 UI 가 점점 편해지네요. 배민보다 낫습니다!
427,김옥희,5,2025-05-11,배달 빠르고 새로운 음식점이 바로 바로 떠서 좋습니다.
428,Yoojin Chung,5,2025-06-06,배민이용하다가 쿠이로 바꾸길 잘했네요 요즘은 쿠이만써요 서비스대응이 빠르고 좋아요
429,Ingyu Shin,4,2025-05-22,이제 사용하기 딱 좋은 수준으로 발전했습니다. 다만 함께주문하기 추가좀...
430,Soo P,1,2025-06-17,배달비는 배달비대로 다 받고 배달시 음식가격은 실제 판매가격보다 비싸고... 적당히해야지
431,이병수,3,2025-05-09,즐겨찾기가 다 안떠요 추가한게 없다고 뜨고 새로고침해도 일부만 떠요
432,차은영,5,2025-06-11,족발 맛있어요 계란밥은 제 취향은 아니었고 막국수도 맛있어요 조금 달긴해요 식초 넣고 비벼먹으면 더 맛나요
433,잔향,4,2025-06-02,검색 및 리스트 출력순서가 아쉽지만 나머지 좋음
434,윤기선,5,2025-05-31,잘 쓰고 있습니다. 혜택도 많고 좋습니다. 특히 주말 할인이벤트는 환영입니다.
435,신명희,4,2025-06-04,무료배송 이라 좋아요 다만 할인쿠폰만 많이 주면 좋겠어요 할인쿠폰이 없어요 ㅜㅜ
436,윤송이,5,2025-06-03,배달료가 무료인건 좋은데 종종 어떤 가게는 배민이나 타어플과 음식가격이 다른 곳들이 있어서 아쉬워요
437,김은희,5,2025-06-05,주문이 간편하고 편리해요 . 빨리 배달되어 식지않게 잘 먹고 있습니다.
438,wjdkdlr flkslvsfg,1,2025-05-13,사용자 보안이 취약하다고 느껴집니다. 보안강화에 노력 부탁 드립니다.
439,kk k,1,2025-05-08,알림설정 강요 좀 그만해주세요. 왜 수시로 자꾸 알림 설정 강요하시는 거죠? 리뷰 제가 필요하면 쓸거니까 쓰라고 그만 띄우세요. 갈수록 엉망이되어 갑니다. 기획책임자가 바뀐건가요? 문제가 있는 거 같군요
440,국내산야채,5,2025-06-15,배달빠르구 편리하고 간편합니당 ㅎㅎ 배송비 무료가 많고 혜택이 좋아 자주 애용하게 되네요오💚
441,고독한전설,1,2025-06-14,어플은 쓸만하나 기사 교육이 전혀되질 않고있네요...시킬때마다 답답합니다
442,최해랑,5,2025-05-24,사용하기 편해요. 입점된 음식점 이 많아 골라먹는 재미가 있습니다.
443,서세원,5,2025-05-10,점점 더 많은 매장이 생겼으면 좋겠네요 당진은 아직 매장이 적어요 아쉽네요
444,정흔교,5,2025-06-09,항상 편리함에 중독되는 고객 입니다 만족도는 할 말이없는 최고 입니다
445,김채림,1,2025-06-08,가끔 이용하는데 그럴때마다 기사님 실수로 다르곳으로 오배달이 됩니다 시킨 경험의 반은 오배달인것 같네요 왜 유독 쿠팡으로 시킬때만 오배송인지 모르겠네요
446,radbeauty nam,5,2025-05-14,편하고 빠른 배달 앱이라 평소에도 자주 이용합니다
447,AKI,1,2025-05-22,솔직히 빠른것 말고 없음.. 요즘은 싼것도 아니고 판매량순 정렬따위 개나줌ㅋㅋㅋ
448,최훈식,5,2025-05-10,너무편하고 배달도 빠르고 도착마다 사진이있어서 좋아요
449,뮨스리,5,2025-05-12,예전에는 배민에 비해 가게가 너무 없어보였는데 요즘은 너무 좋은것 같음 무엇보다 배달료 무료인건 대박
450,서신애,5,2025-05-26,배민에서 쿠팡이츠로 옮겼는데~ 배달도 빠르고 배달비도 할인받고 참 좋습니다^^
451,김도연,5,2025-05-29,쿠팡이츠 예전보다 배달 개선되었네요 좋아요 앞으로 자주 이용할게요 ^^
452,박현정,4,2025-05-14,만나서 현금 카드 결제 없는거 말고는 와우 회원은 무료 배송되어서 좋쿠먼유!!!!!!
453,정호,1,2025-05-25,제가 카드로 결제하려는데 분명히 있는데 없다고 뜹니다 돈이 있는데 결제가 안되는 경우는 대체 무슨 경우이예요?
454,Kyungmin Han,5,2025-06-22,많은 가게들이 있어서 다양하게 찾을 수 있고 앱 사용도 편해요
455,이크,5,2025-06-21,유료 배달과 무료 배달 선택할수 있다는게 너무 좋아요 매장도 다양하고 ^^
456,L_ Oliver,1,2025-05-31,스바꺼 배달 잘못와서 앱으로 재배달 신청했는데 40분 뒤에 전화 와서 처리해주노 바로 전화로 민원을 때려야 정신차림 11시에 시켰는데 지금 조리들어가서 2시에 받게 생겼다 배고파서 뒤지면 유언장에 남길거임
457,oopsmira,5,2025-06-13,무배는 말이필요없이 최고죠!! 좀기다리는 날도있지만 무배는 뭐 괜찮습니다ㅎㅎ
458,JunHa Park,4,2025-06-15,당장 배민에 되는 건 좀 빨리 다 베끼고 그 다음이 있어야 되는 거 아닌가? 메뉴별 리뷰 보기는 언제 만들 것이며... 함께 주문하기는 특히 치명적임 이거 없어서 아직도 배민을 못 지우고 있음 ㅎㅎ 이런 심각한 건 좀 빨리 넣어야 되는 거 아닌가? 그래도 와우 쓰며 뽀나리 정도로 쓰기엔 나쁘지 않으니 1점만 깜. 투입되는 인력도 딱 그 수준일 거 같은데 어쩌겠나. 안 하고 싶어서 안 하진 않겠지.
459,ᄀᄀᄀ,4,2025-05-21,너무 잘쓰고있지만 단 포장주문이 너무 없네요오..햄버거집은 일도없구요...
460,하비,5,2025-06-10,배달비도 무료가 많고 할인도 자주 있어서 요즘 쿠팡이츠 대세입니다.
461,이정윤,5,2025-06-17,만두생각날때 항상시켜먹는곳입니다 항상맛이 변하지 않는곳입니다 부자손만두 입니다
462,조지은,5,2025-06-12,편하고 무료배달이 돼서 기분좋게 이용하고 있어요.
463,선애박,4,2025-05-29,좋아요 상품도 다양하고 맛집 추천도 잘해줍니다
464,EK Y,5,2025-05-17,가끔씩 할인을 엄청해주시네요. 오늘은 스타벅스빵 여러개 거져먹었어요. 완전 좋아.
465,김전오,5,2025-04-14,아주깔금하게 맛있는 쿠팡이츠 배달앱을통하여 각종맛집을 소개해준 덕택에 감사하고 맛있게 잘먹었습니다 빠른 배송 파트너 또한 절대적으로 좋습니다 여러분 많이 사랑해주세요 🌻🌸😊
466,선경,5,2025-06-01,배달음시기지만 정성이 느껴져서 맛있게 잘먹었습니다
467,윤용석,1,2025-07-11,광고가 지저분함 소비자를 기만함. 이런 광고는 시정이 필요함
468,심연섭,5,2025-05-13,빠르고 편해요 쿠팡카드 등록하면 원스톱으로 음식이 집앞에... 세상 좋아졌어요
469,이혜숙,5,2025-06-06,배달 빠르고 좋아요 간단하게 보기도 좋네요
470,잼잼e,5,2025-06-05,실명으로 주문되는것만 빼면 진짜 편리하고 좋습니다 👍
471,김전수,5,2025-05-31,너무 편하고 배달도 빠르게 왔어요 기사님도 친절 합네요
472,Choonghyun Kim,5,2025-05-20,좋습니다. 배달도 빠르고 피드백도 빠르네요
473,조윤정,5,2025-05-21,무료배달에.배달도 빠르도 요즘 이 앱만 이용합니다.
474,안희영,5,2025-06-20,무료배달에 배달 빠르고 맛집이 많아서 좋아요^^
475,Google 사용자,5,2025-06-22,결제건으로 문의드렸는데.친절하고 빨리 잘 응대해주셔서 좋았어요
476,math lee,5,2025-06-15,배달비도 없고 쿠폰도 자주 주고 넘 좋아요ㅎㅎ감사합니다
477,이은,5,2025-02-08,와우 멤버쉽 만으로도 무료배달에 쿠폰에 혜택이 많아 좋아요. 등록된 식당들이 많고 평점과 리뷰 안내가 잘 돼 있어 원하는 식당 골라 주문하기도 좋아요.
478,심슬기,5,2025-04-12,뭐 알다시피 이미 최강으로 올라왔다 싶긴한데 한집배송이 한집만 배송이 아니라 먼저배송이라니 기사님코스가 먼저코스일수도 있는데 말이죠 그거빼곤 뭐 좋습니다.
479,이정화,5,2025-06-23,빠르고 정확하게 배달되고 선택의 폭이 넓어서 👍
480,jjune,5,2025-07-04,배달사고시 친절한 응대와 빠른 대처가 좋았어요
481,민완기,5,2025-03-31,"오프라인보다도 싸고 편하게 이용할수 있어요.배달 접수, 라이더 출발, 근처까지왔음. 알림이 있어서 친절하게 손님 대접 받는 느낌이 들었습니다"
482,박지영,5,2025-04-14,가게 즐겨찾기에 메모도 가능했으면 좋겠어요 어떤게 맛있었다 메모를 해야 그 가게에서 또 구매를 할텐데 즐겨찾기만 되어있어서 왜 즐겨찾기 한 가게였는지 까먹어서...ㅎ
483,김미정,3,2025-05-01,최소주문금액이 몇만웑이라도 타 사이트보다 높게 설정되어있어 소비를 더 조장하는 의도가 보입니다. 좋지않은 의도지요.
484,Hyejung Baek,5,2025-06-12,제공되는 서비스가 다양해서 좋네요 알림도 적절허게 ...
485,장미순,5,2025-07-04,밖에 잘 못나가는입장이라 넘 편리하고 좋아요
486,w0ni,5,2025-07-21,앱이 가벼워 화면전환이나 다음 페이지로의 넘김이 빠릿해서 좋고 리뷰들도 찐 리뷰인 것 같아 좋습니다.
487,황hook,5,2025-07-13,요즘 배달비 많이올랐는데 여긴 모두 무료배달 최고
488,EGON,5,2025-07-15,다른 배달앱 보다 깔끔하고 반응 속도도 좋습니다
489,홀리프로,5,2025-07-05,쿠팡이랑 함께 사용하니 너무 좋네요. 무료배달로 정말 잘 이용하고 있어요
490,이옥선,5,2025-07-13,배민 이용하다가 이츠배달은 첨인데 괜찮은것같아요~^^ 자영업자분들에게 피해가지않는선에서 할인이 되는건지는 잘 모르겠네요.(할인을 많이해주셔서궁금?)앞으로 이용할것같아요
491,jae won kim,5,2025-07-18,배송빠르고 음식기본잘챙겨주셔좋슴니다추천해요
492,서지선,1,2025-07-11,잘못 배달하고 처리도 불만족스럽네요 정정배달도 안되고 지금까지 기다린시간이며 밤 12시 다되어가는데 다른곳에 배달시키라는것도 직접 맘에 드는곳으로 주문하라는것도 너무 화나네요
493,감자,5,2025-07-19,배달도 빠르고 앱도 보기 편해서 좋아요
494,lee bora,3,2025-07-17,두가지 메뉴를 한번에 시키고 싶을때 안되서 불편해요.
495,시골삼춘,1,2025-07-20,첫주문 15000원 할인이라고 광고 때려놓고 꼴랑 5천원쿠폰주네? 그마저도 치킨주문할때 중복할인 안됨. 장난하는것도 아니고 유인하고싶으면 최소한 한번쯤은 제대로 싸게 먹여줘라. 배민이나 요기요도 첫주문시 만원할인은 기본이었다. 한번 이용해볼까 하다가 기분만 잡치네
496,김민수,4,2025-07-13,1.친구들과 함께주문(장바구니담기) 기능 추가필요(배민에 있는 것처럼) 2.가게 요청사항 저장 기능 필요합니다(매번쓰기 귀찮습니다...)
497,드레이크,5,2025-07-12,말해 뭐함. 그냥 편함. 단 주말에 동네 식당도 가자
498,hwajin go,4,2025-07-09,쿠폰도 많이주시고 배달도 빠르고 음식맛도 좋아요
499,rick song,5,2025-07-18,항상 따뜻하게 정갈한 포장으로 배달됩니다.
